team,year,jumper_number,player_name,games,kicks,marks,handballs,disposals,disposal_avg,goals,behinds,hitouts,tackles,rebound_50s,inside_50s,clearances,clangers,free_kicks_for,free_kicks_against,brownlow_votes,contested_possessions,uncontested_possessions,contested_marks,marks_inside_50,one_percenters,bounces,goal_assists
Adelaide,2024,29,"Laird, Rory",23,271,83,364,635,27.61,2,5,0,132,47,70,114,75,28,26,7,253,385,3,2,25,2,10
Adelaide,2024,12,"Dawson, Jordan",22,365,110,174,539,24.5,10,6,0,134,41,129,69,98,22,27,18,168,347,23,3,27,7,15
Adelaide,2024,14,"Soligo, Jake",23,251,60,255,506,22.0,6,9,0,84,39,75,90,83,34,30,7,226,296,2,6,16,8,6
Adelaide,2024,20,"Hinge, Mitch",22,317,107,168,485,22.05,2,3,0,55,112,44,28,57,16,13,0,144,272,4,1,55,2,6
Adelaide,2024,5,"Crouch, Matt",15,155,62,294,449,29.93,0,2,0,79,23,42,89,53,23,17,4,188,253,3,0,6,2,6
Adelaide,2024,38,"Sholl, Lachlan",20,293,105,139,432,21.6,12,6,0,45,57,38,27,56,9,11,0,113,312,1,6,15,1,3
Adelaide,2024,2,"Keays, Ben",23,225,88,148,373,16.22,34,20,0,83,16,76,47,53,23,17,4,159,191,3,26,17,0,19
Adelaide,2024,48,"Keane, Mark",21,270,113,83,353,16.81,0,1,0,22,95,13,4,74,20,34,0,108,176,15,3,120,4,1
Adelaide,2024,16,"Michalanney, Max",23,212,122,130,342,14.87,0,1,0,67,70,35,14,48,16,16,0,90,249,11,0,51,5,3
Adelaide,2024,27,"Nankervis, Luke",20,191,100,149,340,17.0,1,1,0,36,36,34,11,43,13,15,0,101,230,7,2,49,4,5
Adelaide,2024,8,"Rachele, Josh",22,202,79,109,311,14.14,30,17,0,51,12,66,23,66,12,19,0,113,197,7,19,22,3,18
Adelaide,2024,23,"Rankine, Izak",15,170,48,100,270,18.0,29,9,0,51,11,58,55,54,13,19,5,145,139,2,17,23,21,15
Adelaide,2024,33,"Smith, Brodie",15,167,53,97,264,17.6,0,2,0,31,53,35,7,37,11,10,0,71,168,2,0,29,0,1
Adelaide,2024,32,"Fogarty, Darcy",23,165,111,85,250,10.87,41,16,0,35,1,49,4,48,17,23,2,113,140,32,39,35,4,15
Adelaide,2024,3,"Berry, Sam",18,123,26,125,248,13.78,4,2,0,91,18,44,65,46,27,18,3,136,127,2,0,4,4,5
Adelaide,2024,43,"OBrien, Reilly",21,132,49,110,242,11.52,2,3,898,77,16,32,67,81,17,30,2,125,99,13,4,112,0,7
Adelaide,2024,24,"Worrell, Josh",13,155,67,78,233,17.92,0,0,0,19,78,11,2,25,16,7,0,72,130,7,0,76,1,1
Adelaide,2024,1,"Jones, Chayce",16,148,48,83,231,14.44,6,4,0,45,31,32,29,41,12,10,0,82,148,2,7,14,0,3
Adelaide,2024,4,"Murphy, Lachlan",17,98,47,98,196,11.53,7,6,0,57,4,38,17,34,21,10,0,98,106,1,5,9,2,11
Adelaide,2024,13,"Walker, Taylor",18,143,100,49,192,10.67,29,20,16,25,0,44,7,36,7,10,0,73,124,26,45,21,1,16
Adelaide,2024,31,"Dowling, Billy",9,95,48,58,153,17.0,4,1,0,17,21,23,17,31,5,10,0,54,104,0,4,6,0,6
Adelaide,2024,41,"Butts, Jordon",15,83,64,68,151,10.07,0,0,0,15,31,11,4,17,11,6,0,49,98,9,1,81,0,2
Adelaide,2024,15,"Cook, Brayden",15,83,33,56,139,9.27,12,5,0,22,14,22,10,14,3,2,0,47,93,4,8,17,4,6
Adelaide,2024,35,"Borlase, James",10,60,46,45,105,10.5,1,1,6,16,16,4,2,12,9,6,0,44,62,8,3,65,0,0
Adelaide,2024,25,"McHenry, Ned",10,59,33,39,98,9.8,4,2,0,20,8,7,4,18,5,7,0,34,69,1,3,7,0,3
Adelaide,2024,28,"Murray, Nick",9,68,38,29,97,10.78,0,1,0,14,26,13,2,24,5,10,0,33,55,6,0,58,0,0
Adelaide,2024,19,"Taylor, Zac",9,44,13,45,89,9.89,4,4,0,28,6,10,20,18,9,8,0,51,42,0,4,3,0,0
Adelaide,2024,34,"Himmelberg, Elliott",9,53,29,35,88,9.78,8,5,34,16,2,12,4,16,6,5,0,50,44,8,10,12,0,4
Adelaide,2024,17,"Hamill, Will",7,54,20,28,82,11.71,0,0,0,15,15,5,3,11,6,4,0,29,54,3,0,5,0,1
Adelaide,2024,7,"Thilthorpe, Riley",7,53,32,25,78,11.14,15,6,26,12,1,14,7,13,6,1,0,42,35,11,19,11,1,6
Adelaide,2024,40,"Bond, Hugh",7,22,9,33,55,7.86,0,0,0,27,7,5,5,11,3,5,0,33,23,2,0,19,0,0
Adelaide,2024,21,"Burgess, Chris",7,36,22,18,54,7.71,7,6,34,9,1,11,2,10,5,4,0,24,28,4,11,7,0,4
Adelaide,2024,6,"Curtin, Daniel",7,29,16,25,54,7.71,3,0,0,7,1,7,6,6,3,3,0,22,31,3,3,4,1,1
Adelaide,2024,30,"Milera, Wayne",3,34,14,12,46,15.33,0,0,0,6,17,5,4,6,1,2,0,11,29,0,0,10,0,0
Adelaide,2024,26,"Schoenberg, Harry",4,17,9,26,43,10.75,3,0,0,5,0,6,4,5,2,1,0,18,25,0,0,1,1,1
Adelaide,2024,10,"Pedlar, Luke",4,20,7,3,23,5.75,1,2,0,4,0,8,4,6,0,4,0,12,12,1,2,4,0,3
Adelaide,2024,44,"Gollant, Lachlan",4,15,3,7,22,5.5,1,1,7,3,1,3,1,5,3,3,0,7,9,0,0,4,0,0
Adelaide,2024,45,"Strachan, Kieran",2,13,7,9,22,11.0,1,0,29,6,1,1,4,2,6,1,0,11,11,1,1,3,0,0
Adelaide,2024,37,"Parnell, Patrick",1,8,2,2,10,10.0,0,0,0,0,1,0,0,1,0,0,0,1,8,0,0,0,0,0
Brisbane Lions,2024,9,"Neale, Lachie",26,353,120,409,762,29.31,13,7,0,86,30,121,202,87,35,30,22,361,396,2,8,18,16,26
Brisbane Lions,2024,15,"Zorko, Dayne",27,566,213,145,711,26.33,9,6,0,86,130,73,26,86,23,24,12,142,456,2,3,31,5,7
Brisbane Lions,2024,5,"Dunkley, Josh",27,335,150,348,683,25.3,6,6,2,167,39,100,118,83,39,17,11,287,398,12,11,55,0,11
Brisbane Lions,2024,6,"McCluggage, Hugh",27,397,143,270,667,24.7,19,14,0,99,49,124,124,86,30,21,12,240,443,3,5,19,6,6
Brisbane Lions,2024,7,"Berry, Jarrod",27,302,167,238,540,20.0,6,8,0,96,57,70,70,68,33,16,0,180,366,9,11,27,2,11
Brisbane Lions,2024,44,"Wilmot, Darcy",27,370,133,164,534,19.78,0,3,0,46,81,81,35,60,17,19,0,157,315,5,0,69,15,8
Brisbane Lions,2024,3,"Daniher, Joe",27,328,173,93,421,15.59,58,51,58,31,13,111,38,90,27,32,8,151,261,22,66,26,13,16
Brisbane Lions,2024,16,"Rayner, Cam",27,229,94,185,414,15.33,31,21,0,84,14,98,64,81,21,24,6,198,222,24,22,33,4,21
Brisbane Lions,2024,28,"Fletcher, Jaspa",27,219,133,174,393,14.56,5,8,0,52,53,52,41,42,10,13,0,132,274,3,5,19,9,9
Brisbane Lions,2024,35,"Lester, Ryan",27,289,175,99,388,14.37,0,1,0,48,68,39,11,39,18,10,0,111,272,16,1,83,2,2
Brisbane Lions,2024,33,"Bailey, Zac",22,218,94,140,358,16.27,22,12,0,52,24,73,32,53,13,17,0,110,249,6,10,18,2,12
Brisbane Lions,2024,31,"Andrews, Harris",26,250,195,99,349,13.42,0,0,0,36,70,9,3,52,21,23,3,128,217,51,0,214,0,0
Brisbane Lions,2024,4,"Ah Chee, Callum",26,228,122,120,348,13.38,27,14,0,40,21,53,20,61,11,20,0,134,224,17,29,38,2,18
Brisbane Lions,2024,46,"McInerney, Oscar",25,176,48,143,319,12.76,9,4,809,79,31,67,131,70,43,18,2,252,81,22,12,90,0,11
Brisbane Lions,2024,1,"Lohmann, Kai",27,198,105,114,312,11.56,36,28,0,80,8,52,20,51,17,22,1,139,183,11,38,23,7,10
Brisbane Lions,2024,8,"Ashcroft, Will",13,166,67,131,297,22.85,3,8,0,33,18,50,42,28,16,3,0,97,203,0,2,7,1,10
Brisbane Lions,2024,23,"Cameron, Charlie",27,230,109,58,288,10.67,44,30,0,58,9,67,15,63,18,19,1,91,186,10,43,20,9,16
Brisbane Lions,2024,30,"Hipwood, Eric",24,193,134,66,259,10.79,33,21,4,31,6,63,9,62,20,20,4,95,174,21,42,40,0,12
Brisbane Lions,2024,37,"Starcevich, Brandon",21,184,90,55,239,11.38,1,1,0,38,56,29,7,34,16,14,0,77,152,4,0,53,0,5
Brisbane Lions,2024,26,"McKenna, Conor",18,202,77,32,234,13.0,0,2,0,10,49,25,7,40,4,7,0,48,144,2,2,20,2,5
Brisbane Lions,2024,43,"Answerth, Noah",16,122,54,74,196,12.25,0,0,0,65,33,23,16,31,5,8,0,70,124,1,0,27,0,2
Brisbane Lions,2024,40,"Payne, Jack",18,143,101,39,182,10.11,0,0,2,24,41,9,3,32,7,11,0,67,114,17,0,115,0,0
Brisbane Lions,2024,13,"Morris, Logan",19,113,66,42,155,8.16,24,15,0,12,2,29,2,20,12,9,0,74,88,16,28,14,2,8
Brisbane Lions,2024,38,"Reville, Bruce",12,95,42,34,129,10.75,4,2,0,19,16,27,7,15,5,4,0,33,97,0,2,6,1,5
Brisbane Lions,2024,11,"McCarthy, Lincoln",8,74,30,24,98,12.25,8,9,0,21,2,21,7,16,6,5,0,42,58,4,9,13,1,5
Brisbane Lions,2024,34,"Brain, Shadeau",9,52,31,37,89,9.89,0,0,0,5,12,4,5,11,3,3,0,41,49,5,0,16,0,2
Brisbane Lions,2024,41,"Joyce, Darragh",6,55,30,16,71,11.83,0,0,0,2,15,4,0,13,2,3,0,22,46,6,0,26,0,0
Brisbane Lions,2024,22,"Sharp, Harry",6,45,18,17,62,10.33,2,2,0,10,5,10,6,14,3,2,0,17,42,0,0,2,2,0
Brisbane Lions,2024,27,"Gardiner, Darcy",7,36,18,21,57,8.14,3,2,0,13,2,13,1,12,6,5,0,26,36,0,4,10,0,4
Brisbane Lions,2024,17,"Lyons, Jarryd",3,29,12,26,55,18.33,0,0,0,15,1,6,6,7,3,5,0,20,32,0,0,0,0,1
Brisbane Lions,2024,20,"Prior, Jaxon",4,30,18,7,37,9.25,0,0,0,5,8,5,0,5,1,3,0,6,31,0,0,8,0,1
Brisbane Lions,2024,32,"Fort, Darcy",3,22,7,11,33,11.0,1,2,59,11,2,6,10,9,4,6,0,19,16,2,3,9,0,1
Brisbane Lions,2024,25,"Smith, Henry",4,13,6,18,31,7.75,0,0,25,9,0,5,8,5,2,2,0,18,14,0,2,8,0,0
Brisbane Lions,2024,29,"Tunstill, James",4,5,2,15,20,5.0,0,0,0,5,1,2,4,0,0,0,0,11,11,0,0,1,0,0
Brisbane Lions,2024,2,"Robertson, Deven",2,6,1,10,16,8.0,0,0,0,4,0,3,1,6,0,1,0,7,8,0,0,2,0,0
Brisbane Lions,2024,18,"Coleman, Keidean",1,6,4,2,8,8.0,0,0,0,0,1,2,0,0,0,0,0,2,6,0,1,0,0,2
Brisbane Lions,2024,24,"Ryan, Brandon",1,2,1,0,2,2.0,1,0,0,1,0,0,0,0,0,0,0,1,1,0,1,1,0,0
Carlton,2024,9,"Cripps, Patrick",24,266,63,426,692,28.83,17,6,20,129,24,115,193,120,49,47,45,376,319,7,8,25,3,13
Carlton,2024,18,"Walsh, Sam",20,268,60,300,568,28.4,5,9,0,135,28,98,100,80,18,25,16,221,341,0,1,14,6,10
Carlton,2024,24,"Newman, Nic",24,413,194,153,566,23.58,1,3,0,92,113,67,22,70,25,26,2,122,383,12,1,56,8,15
Carlton,2024,13,"Acres, Blake",23,293,138,223,516,22.43,13,12,0,64,62,74,41,78,13,23,4,169,365,8,11,32,2,10
Carlton,2024,29,"Hewett, George",22,235,61,279,514,23.36,7,1,0,101,20,80,118,65,25,22,3,236,280,1,6,11,2,17
Carlton,2024,7,"Kennedy, Matthew",24,245,105,179,424,17.67,16,10,12,81,24,80,51,76,21,25,2,166,253,7,16,24,0,8
Carlton,2024,20,"Hollands, Elijah",22,250,100,141,391,17.77,17,10,0,58,33,64,33,59,13,16,3,126,276,5,17,23,1,10
Carlton,2024,42,"Saad, Adam",18,217,70,113,330,18.33,1,1,0,40,68,29,18,23,11,3,0,97,196,4,0,34,58,1
Carlton,2024,4,"Hollands, Oliver",23,203,87,119,322,14.0,5,4,0,79,32,40,19,41,19,16,0,80,250,0,5,27,0,7
Carlton,2024,23,"Weitering, Jacob",22,245,142,68,313,14.23,0,1,2,33,84,6,5,44,16,11,0,116,189,29,0,145,2,1
Carlton,2024,11,"McGovern, Mitch",18,244,85,54,298,16.56,3,3,0,29,97,35,13,38,20,5,2,76,154,12,1,47,0,4
Carlton,2024,17,"Kemp, Brodie",21,195,130,99,294,14.0,6,4,0,46,57,19,1,48,9,15,0,92,203,16,6,82,5,3
Carlton,2024,12,"De Koning, Tom",18,154,59,138,292,16.22,9,10,359,61,19,64,89,55,23,18,1,181,117,17,11,41,4,7
Carlton,2024,10,"McKay, Harry",21,207,143,67,274,13.05,49,21,30,52,6,46,20,65,27,22,6,129,154,42,57,32,0,6
Carlton,2024,37,"Boyd, Jordan",19,203,77,59,262,13.79,1,3,0,44,61,18,5,40,9,13,0,58,168,0,1,44,3,1
Carlton,2024,30,"Curnow, Charlie",21,214,125,40,254,12.1,57,41,0,20,10,59,2,43,30,13,2,123,134,45,54,38,0,15
Carlton,2024,5,"Cerra, Adam",13,139,32,113,252,19.38,4,3,0,47,19,37,39,31,12,8,0,94,157,2,1,15,0,5
Carlton,2024,6,"Williams, Zac",19,178,71,67,245,12.89,15,7,0,43,33,33,11,31,9,9,1,87,150,2,7,16,5,12
Carlton,2024,2,"Cowan, Lachlan",17,139,66,72,211,12.41,1,1,0,50,36,19,8,28,10,10,0,66,150,6,1,45,0,1
Carlton,2024,44,"Owies, Matthew",23,133,67,66,199,8.65,33,13,0,52,2,37,1,32,12,13,0,79,121,5,26,22,2,15
Carlton,2024,27,"Pittonet, Marc",14,96,21,96,192,13.71,5,3,356,21,12,18,79,54,22,27,0,144,47,8,1,43,0,3
Carlton,2024,8,"Fogarty, Lachie",15,94,27,81,175,11.67,9,4,0,45,7,40,9,21,10,4,0,72,103,3,3,10,0,21
Carlton,2024,39,"Cincotta, Alex",16,70,26,88,158,9.88,8,1,0,44,17,27,17,23,6,8,0,70,95,1,2,29,1,4
Carlton,2024,46,"Cottrell, Matthew",14,100,45,52,152,10.86,9,5,0,27,13,33,7,14,7,5,0,51,97,5,9,12,0,3
Carlton,2024,16,"Carroll, Jack",15,83,35,67,150,10.0,4,3,0,22,9,30,17,16,4,2,0,50,105,0,3,5,1,7
Carlton,2024,14,"Fantasia, Orazio",15,68,29,59,127,8.47,9,7,0,22,7,20,3,24,7,10,0,52,71,2,8,12,3,12
Carlton,2024,33,"Young, Lewis",9,80,56,37,117,13.0,1,1,5,8,37,7,2,11,7,8,0,34,76,8,0,59,1,1
Carlton,2024,19,"Durdin, Corey",14,43,21,39,82,5.86,7,5,0,25,1,13,4,6,3,0,0,38,44,1,6,10,2,3
Carlton,2024,3,"Motlop, Jesse",7,30,15,24,54,7.71,6,4,0,15,6,7,5,16,3,5,0,25,33,0,2,3,0,3
Carlton,2024,28,"Cuningham, David",5,18,7,21,39,7.8,1,2,0,10,1,9,5,6,2,4,0,17,23,0,0,0,2,3
Carlton,2024,25,"Binns, Jaxon",3,25,6,11,36,12.0,2,0,0,6,4,7,3,6,1,2,0,9,26,0,1,3,0,0
Carlton,2024,36,"Lord, Cooper",2,10,8,24,34,17.0,0,1,0,9,0,2,4,1,0,0,0,14,21,0,1,0,0,1
Carlton,2024,22,"Marchbank, Caleb",3,10,3,18,28,9.33,0,0,0,3,3,2,1,9,3,5,0,14,15,0,0,10,0,0
Carlton,2024,15,"Docherty, Sam",2,21,8,5,26,13.0,1,0,0,3,5,3,2,7,0,0,0,8,19,0,0,1,0,0
Carlton,2024,21,"Martin, Jack",3,12,7,8,20,6.67,3,0,0,2,0,3,2,6,3,3,0,12,9,2,2,2,0,2
Carlton,2024,43,"Moir, Ashton",2,5,3,3,8,4.0,2,1,0,3,0,0,1,0,1,0,0,4,3,2,1,0,0,0
Carlton,2024,38,"Durdin, Sam",1,4,1,1,5,5.0,0,0,0,0,1,0,0,3,1,1,0,3,2,0,0,8,0,0
Collingwood,2024,35,"Daicos, Nick",23,381,68,324,705,30.65,20,14,0,87,44,127,176,110,39,36,38,319,375,0,7,18,21,18
Collingwood,2024,7,"Daicos, Josh",23,327,120,246,573,24.91,7,9,0,74,67,91,54,65,28,9,3,147,400,1,5,12,7,9
Collingwood,2024,25,"Crisp, Jack",23,240,65,227,467,20.3,14,8,0,124,35,85,96,85,17,21,5,213,246,1,10,20,3,7
Collingwood,2024,10,"Pendlebury, Scott",20,220,62,194,414,20.7,7,4,0,79,32,56,83,57,20,11,2,166,233,1,3,21,2,12
Collingwood,2024,1,"Lipinski, Patrick",23,185,74,218,403,17.52,18,9,0,71,23,53,41,61,11,15,5,149,253,1,11,18,1,12
Collingwood,2024,22,"Sidebottom, Steele",22,270,90,133,403,18.32,4,8,0,69,66,49,37,76,15,21,0,132,254,4,5,39,5,9
Collingwood,2024,4,"Maynard, Brayden",23,301,124,91,392,17.04,3,1,0,54,112,51,12,78,20,26,0,126,255,6,0,102,5,2
Collingwood,2024,9,"Noble, John",20,235,93,143,378,18.9,1,1,0,54,79,36,13,44,15,7,3,71,280,1,1,29,8,7
Collingwood,2024,14,"Cameron, Darcy",23,230,106,129,359,15.61,11,2,673,65,23,44,85,87,44,33,0,229,122,43,10,54,0,8
Collingwood,2024,3,"Quaynor, Isaac",23,174,88,120,294,12.78,2,0,0,55,62,26,11,50,14,16,0,99,192,6,0,40,4,2
Collingwood,2024,30,"Moore, Darcy",23,169,94,121,290,12.61,0,0,1,31,83,20,2,43,7,18,0,111,121,20,0,213,1,2
Collingwood,2024,38,"Howe, Jeremy",19,225,98,60,285,15.0,5,2,0,30,104,16,2,37,12,9,0,64,143,16,6,104,4,2
Collingwood,2024,2,"de Goey, Jordan",13,145,50,126,271,20.85,10,9,0,46,11,61,53,59,14,22,8,117,154,4,9,13,0,10
Collingwood,2024,23,"Hill, Bobby",23,187,81,69,256,11.13,30,28,0,48,1,52,12,63,9,20,0,98,159,6,37,26,11,23
Collingwood,2024,32,"Hoskin-Elliott, Will",20,194,90,56,250,12.5,17,13,0,26,25,37,7,44,8,6,0,86,152,12,26,37,3,14
Collingwood,2024,8,"Schultz, Lachie",20,136,62,107,243,12.15,24,21,0,76,4,41,16,47,12,15,0,81,158,3,28,23,0,4
Collingwood,2024,5,"Elliott, Jamie",15,125,59,72,197,13.13,21,16,0,36,2,28,7,47,11,10,3,65,118,7,28,11,1,11
Collingwood,2024,31,"McCreery, Beau",17,107,28,66,173,10.18,10,10,0,84,4,45,25,45,16,19,1,69,100,1,4,13,6,8
Collingwood,2024,17,"Frampton, Billy",18,107,60,53,160,8.89,1,4,15,21,32,18,3,44,11,19,0,66,97,8,2,116,0,0
Collingwood,2024,33,"Sullivan, Lachlan",10,49,16,80,129,12.9,2,5,0,25,5,17,19,16,5,4,0,59,70,1,2,2,1,5
Collingwood,2024,37,"Markov, Oleg",12,63,38,62,125,10.42,1,0,0,32,12,16,5,24,3,5,0,39,85,2,0,19,4,1
Collingwood,2024,46,"Cox, Mason",16,69,46,51,120,7.5,6,6,237,30,7,16,24,43,27,22,0,88,41,24,14,35,0,3
Collingwood,2024,6,"Mitchell, Tom",6,37,11,83,120,20.0,1,1,0,40,3,10,26,21,11,7,0,62,60,1,2,3,0,1
Collingwood,2024,41,"Mihocek, Brody",11,78,41,36,114,10.36,19,13,2,29,0,28,1,25,13,14,0,57,55,14,18,11,0,3
Collingwood,2024,36,"Harrison, Harvey",12,48,19,60,108,9.0,11,2,0,27,8,14,7,17,3,3,0,35,78,1,3,3,2,8
Collingwood,2024,29,"Richards, Joe",9,59,20,44,103,11.44,6,5,0,25,2,21,5,15,4,4,0,36,66,3,4,11,2,7
Collingwood,2024,18,"Macrae, Finlay",9,46,8,44,90,10.0,4,2,0,21,6,18,18,10,5,2,0,35,57,0,2,5,0,4
Collingwood,2024,27,"Bytel, Jack",7,48,29,38,86,12.29,1,1,0,10,11,14,3,23,1,6,0,16,63,2,1,3,5,3
Collingwood,2024,43,"Dean, Charlie",8,52,40,32,84,10.5,0,0,0,8,24,1,0,8,11,2,0,32,58,4,0,32,0,1
Collingwood,2024,44,"Long, Ned",7,31,10,28,59,8.43,2,2,1,37,1,12,5,19,4,10,0,19,39,0,2,7,0,3
Collingwood,2024,26,"McInnes, Reef",9,31,16,22,53,5.89,13,2,0,11,1,4,0,15,5,7,0,31,22,5,11,9,0,1
Collingwood,2024,11,"McStay, Daniel",5,33,26,16,49,9.8,8,4,1,5,0,12,2,10,5,2,0,19,28,8,9,5,0,1
Collingwood,2024,15,"Kreuger, Nathan",6,33,21,13,46,7.67,7,6,26,14,3,11,3,10,6,2,0,22,22,4,8,8,0,1
Collingwood,2024,45,"Parker, Wil",5,24,6,18,42,8.4,1,0,0,12,5,7,3,9,2,0,0,21,20,0,1,1,2,2
Collingwood,2024,16,"Allan, Edward",2,14,1,14,28,14.0,1,0,0,8,3,4,3,6,1,0,0,14,16,0,0,3,0,0
Collingwood,2024,40,"Johnson, Ash",3,7,5,2,9,3.0,0,1,0,5,0,1,0,6,2,3,0,7,4,2,1,2,1,0
Collingwood,2024,19,"Jiath, Tew",1,4,2,1,5,5.0,0,0,0,3,1,1,0,2,1,2,0,1,4,0,0,0,0,1
Essendon,2024,37,"Martin, Nic",23,418,153,232,650,28.26,15,11,0,54,86,80,29,88,11,13,15,139,467,5,10,37,19,13
Essendon,2024,7,"Merrett, Zach",23,361,99,287,648,28.17,14,15,0,114,37,109,98,81,34,14,18,220,429,2,10,37,10,16
Essendon,2024,1,"McGrath, Andrew",23,311,108,214,525,22.83,1,0,0,62,118,51,22,45,19,7,2,130,321,7,0,48,50,4
Essendon,2024,6,"Caldwell, Jye",23,253,95,270,523,22.74,8,9,0,149,33,82,99,82,32,32,8,214,319,6,5,17,6,11
Essendon,2024,22,"Durham, Sam",22,235,88,235,470,21.36,10,5,0,97,27,99,91,77,23,30,6,195,286,7,5,30,10,10
Essendon,2024,27,"Redman, Mason",21,339,127,104,443,21.1,2,4,0,35,95,57,7,39,17,6,0,80,309,10,1,44,25,4
Essendon,2024,21,"Heppell, Dyson",18,195,102,188,383,21.28,1,0,0,29,44,26,16,30,12,10,0,118,246,4,1,48,9,1
Essendon,2024,15,"Laverde, Jayden",21,194,127,139,333,15.86,0,0,0,33,65,13,2,55,16,16,0,96,232,11,0,89,2,0
Essendon,2024,11,"Gresham, Jade",22,158,56,149,307,13.95,19,12,0,47,5,70,36,57,10,19,0,112,188,3,11,7,9,20
Essendon,2024,29,"Kelly, Jake",20,194,115,111,305,15.25,1,0,0,26,50,20,5,38,7,10,0,70,243,4,4,53,0,2
Essendon,2024,32,"McKay, Ben",23,162,122,141,303,13.17,0,0,4,32,31,8,1,41,20,13,0,132,172,30,0,132,0,2
Essendon,2024,3,"Parish, Darcy",12,146,55,149,295,24.58,2,4,0,52,17,50,47,37,4,10,1,107,190,0,1,14,2,3
Essendon,2024,25,"Stringer, Jake",23,203,89,88,291,12.65,42,25,0,58,4,74,52,71,11,19,1,129,167,6,46,27,0,13
Essendon,2024,4,"Langford, Kyle",23,193,119,96,289,12.57,43,27,4,59,6,62,4,51,18,16,6,115,177,16,57,39,0,16
Essendon,2024,28,"Duursma, Xavier",15,165,96,113,278,18.53,9,0,0,40,33,30,11,25,10,2,0,66,208,4,9,14,9,3
Essendon,2024,16,"Perkins, Archie",18,165,56,111,276,15.33,5,7,0,67,21,60,40,39,14,11,3,99,169,4,7,11,7,11
Essendon,2024,13,"Cox, Nik",20,127,70,114,241,12.05,8,3,11,50,30,19,17,46,13,12,0,88,158,9,8,35,3,3
Essendon,2024,23,"Jones, Harry",21,145,103,83,228,10.86,18,11,0,32,9,32,7,41,11,6,0,77,155,13,27,42,0,10
Essendon,2024,14,"Ridley, Jordan",9,144,73,51,195,21.67,1,0,0,10,41,8,0,11,3,2,3,42,127,7,0,38,8,0
Essendon,2024,9,"Shiel, Dylan",9,94,34,95,189,21.0,2,0,0,31,9,22,38,17,3,6,0,65,119,1,1,3,2,7
Essendon,2024,2,"Draper, Sam",16,122,49,57,179,11.19,11,10,306,31,13,51,56,57,20,27,2,110,54,21,8,50,1,7
Essendon,2024,19,"Hind, Nick",15,130,37,44,174,11.6,6,4,0,29,9,42,10,25,9,6,0,57,109,0,3,12,14,7
Essendon,2024,20,"Wright, Peter",14,91,60,67,158,11.29,19,7,119,19,5,25,11,29,11,4,2,67,100,14,23,41,0,5
Essendon,2024,35,"Guelfi, Matt",13,75,32,80,155,11.92,15,10,0,46,2,18,13,26,13,13,0,73,78,5,14,18,0,12
Essendon,2024,8,"Hobbs, Ben",12,77,25,73,150,12.5,2,2,0,35,6,27,11,26,9,11,0,52,103,1,5,7,0,5
Essendon,2024,17,"Goldstein, Todd",14,44,25,99,143,10.21,2,1,344,26,2,24,41,30,26,18,0,81,63,6,3,36,0,5
Essendon,2024,47,"Menzie, Jye",14,71,38,55,126,9.0,3,5,0,21,8,25,3,27,3,3,0,43,78,3,7,8,6,2
Essendon,2024,30,"Caddy, Nate",10,72,40,37,109,10.9,9,11,0,14,1,28,0,18,9,3,0,46,56,10,10,6,5,5
Essendon,2024,12,"Setterfield, Will",4,49,17,42,91,22.75,0,2,0,27,14,17,21,9,4,0,0,41,54,0,0,3,0,2
Essendon,2024,38,"Roberts, Archie",4,47,21,40,87,21.75,1,0,0,12,7,13,2,14,5,1,0,27,57,0,0,2,3,1
Essendon,2024,5,"Tsatas, Elijah",7,34,18,37,71,10.14,1,1,0,5,6,10,9,11,0,0,0,31,42,3,2,2,0,2
Essendon,2024,24,"Bryan, Nick",5,34,11,27,61,12.2,0,0,103,15,1,13,15,6,5,0,0,24,33,3,0,16,0,2
Essendon,2024,33,"Davey, Alwyn",10,38,10,22,60,6.0,5,1,0,16,2,15,3,15,3,3,0,20,35,0,3,3,2,3
Essendon,2024,10,"Weideman, Sam",1,4,2,5,9,9.0,0,0,0,0,2,0,0,1,0,0,0,2,7,0,0,0,0,0
Essendon,2024,31,"Reid, Zach",1,1,2,2,3,3.0,0,0,0,1,1,0,0,0,0,0,0,0,3,0,0,2,0,0
Fremantle,2024,3,"Serong, Caleb",23,315,66,361,676,29.39,11,9,0,114,45,104,175,58,33,12,28,312,363,2,5,14,1,13
Fremantle,2024,8,"Brayshaw, Andrew",23,305,99,365,670,29.13,7,12,0,117,36,83,119,97,32,30,22,254,406,1,9,30,9,11
Fremantle,2024,6,"Clark, Jordan",23,382,156,186,568,24.7,3,2,0,62,112,70,30,52,25,17,4,123,401,4,1,54,49,8
Fremantle,2024,13,"Ryan, Luke",23,466,198,92,558,24.26,0,1,0,47,170,23,7,36,14,10,7,94,324,9,0,94,3,3
Fremantle,2024,26,"Young, Hayden",23,301,76,247,548,23.83,13,10,0,123,35,134,116,89,19,29,12,217,336,3,2,26,14,27
Fremantle,2024,7,"Fyfe, Nat",22,139,53,288,427,19.41,5,6,0,51,21,46,98,64,15,31,3,204,239,5,9,30,4,7
Fremantle,2024,14,"Sharp, Jeremy",23,287,130,131,418,18.17,10,15,0,25,27,89,22,42,10,6,0,72,343,2,10,19,42,8
Fremantle,2024,9,"Jackson, Luke",23,132,61,243,375,16.3,21,16,375,72,12,46,69,63,25,29,4,204,179,20,22,37,2,7
Fremantle,2024,11,"Aish, James",20,199,103,140,339,16.95,0,4,0,30,49,42,18,31,8,5,0,63,253,4,1,19,1,5
Fremantle,2024,2,"OMeara, Jaeger",22,183,79,154,337,15.32,8,8,0,63,39,45,47,39,10,16,0,116,231,0,7,21,2,7
Fremantle,2024,41,"Banfield, Bailey",22,174,74,140,314,14.27,20,13,0,56,16,47,16,43,18,10,1,96,219,4,19,31,4,15
Fremantle,2024,44,"Johnson, Matthew",19,152,68,150,302,15.89,3,10,0,58,28,49,38,43,12,18,0,93,217,2,5,14,5,8
Fremantle,2024,39,"Switkowski, Sam",20,130,63,159,289,14.45,12,10,0,101,5,70,31,26,25,9,0,118,177,5,9,20,0,15
Fremantle,2024,31,"Walker, Brandon",19,167,71,99,266,14.0,1,0,0,40,39,31,11,43,17,16,0,86,192,1,0,45,11,4
Fremantle,2024,5,"Chapman, Heath",16,154,93,104,258,16.13,1,0,0,29,57,20,6,31,6,9,0,65,191,7,0,49,3,5
Fremantle,2024,35,"Treacy, Josh",20,158,122,83,241,12.05,45,15,63,44,6,47,6,38,17,10,2,96,147,28,50,43,2,12
Fremantle,2024,37,"Draper, Josh",20,104,80,95,199,9.95,0,0,0,17,37,5,1,25,6,16,1,72,131,12,0,67,3,1
Fremantle,2024,32,"Frederick, Michael",20,126,70,66,192,9.6,23,17,0,30,1,38,7,31,6,6,0,63,140,8,25,10,3,11
Fremantle,2024,34,"Wagner, Corey",12,132,48,59,191,15.92,0,0,0,20,36,25,8,22,8,4,0,37,151,0,1,16,4,5
Fremantle,2024,24,"Amiss, Jye",22,133,82,46,179,8.14,36,28,0,30,0,29,0,39,28,13,1,82,101,18,44,14,1,14
Fremantle,2024,25,"Pearce, Alex",15,95,68,81,176,11.73,1,0,0,25,37,8,2,25,19,11,2,81,97,10,1,80,2,0
Fremantle,2024,4,"Darcy, Sean",12,63,19,86,149,12.42,6,2,374,36,7,27,58,34,19,20,0,106,49,9,4,25,0,5
Fremantle,2024,10,"Walters, Michael",17,90,43,59,149,8.76,17,13,0,31,2,18,6,25,11,5,0,45,105,2,18,8,6,5
Fremantle,2024,1,"Sturt, Sam",13,68,39,58,126,9.69,21,7,0,20,2,18,5,23,8,10,0,49,81,3,15,6,4,7
Fremantle,2024,36,"Cox, Brennan",9,67,48,33,100,11.11,1,0,0,13,17,2,3,13,6,3,0,36,62,9,0,51,0,0
Fremantle,2024,18,"Emmett, Tom",13,57,31,43,100,7.69,7,4,0,29,3,25,6,20,10,10,0,41,65,3,2,3,2,3
Fremantle,2024,15,"Hughes, Ethan",6,47,31,31,78,13.0,0,0,0,9,13,5,2,11,4,7,0,19,60,2,0,16,0,0
Fremantle,2024,38,"Voss, Patrick",7,32,24,24,56,8.0,7,11,3,10,0,7,0,18,1,8,0,27,32,3,17,4,0,4
Fremantle,2024,23,"Worner, Karl",4,18,11,20,38,9.5,0,0,0,4,5,2,0,4,1,0,0,10,26,0,0,4,0,0
Fremantle,2024,20,"Taberner, Matthew",5,21,13,12,33,6.6,6,2,0,6,0,1,1,12,2,6,0,15,17,4,8,10,0,0
Fremantle,2024,28,"Erasmus, Neil",4,13,7,16,29,7.25,0,0,0,7,1,7,1,9,1,6,0,5,26,1,1,0,0,3
Fremantle,2024,30,"ODriscoll, Nathan",2,11,5,14,25,12.5,1,1,0,5,2,4,3,4,1,1,0,7,18,0,0,0,2,0
Fremantle,2024,29,"Simpson, Cooper",2,8,4,3,11,5.5,0,0,0,2,0,2,0,2,0,1,0,3,9,0,1,1,3,1
Fremantle,2024,21,"McDonald, Oscar",1,8,3,2,10,10.0,0,0,0,1,2,1,0,4,0,1,0,1,9,0,0,1,0,0
Fremantle,2024,42,"Reidy, Liam",2,6,0,4,10,5.0,0,0,50,7,1,4,3,3,2,1,0,5,6,0,0,6,0,0
Fremantle,2024,12,"Davies, Hugh",2,4,3,4,8,4.0,0,0,0,3,0,0,1,3,0,3,0,3,4,0,0,10,0,0
Geelong,2024,9,"Holmes, Max",25,374,140,231,605,24.2,13,6,0,74,85,103,83,82,18,15,10,204,386,5,7,30,60,12
Geelong,2024,32,"Miers, Gryan",25,315,101,190,505,20.2,21,12,0,106,23,89,59,74,14,10,2,163,331,2,14,20,3,26
Geelong,2024,44,"Stewart, Tom",23,358,140,137,495,21.52,1,3,0,68,127,49,40,64,20,19,12,173,253,19,2,79,4,3
Geelong,2024,39,"Guthrie, Zach",25,335,150,121,456,18.24,4,2,0,59,129,34,8,48,15,15,4,134,270,17,1,68,11,2
Geelong,2024,28,"Dempsey, Oliver",25,231,109,205,436,17.44,22,13,0,61,20,57,30,68,18,10,3,165,255,13,21,25,15,24
Geelong,2024,22,"Duncan, Mitch",22,278,124,133,411,18.68,3,7,0,42,77,40,17,47,7,11,0,76,283,2,5,31,10,9
Geelong,2024,12,"Bowes, Jack",22,254,69,150,404,18.36,12,8,0,104,40,83,79,74,16,25,4,169,237,2,10,29,7,11
Geelong,2024,5,"Cameron, Jeremy",24,278,144,114,392,16.33,64,41,1,40,16,79,16,70,14,25,16,107,288,12,61,33,4,16
Geelong,2024,30,"Atkins, Tom",22,176,34,201,377,17.14,0,3,0,142,23,62,76,73,31,28,1,199,190,1,1,34,2,10
Geelong,2024,46,"Blicavs, Mark",24,162,77,179,341,14.21,5,7,230,86,26,54,58,73,14,22,0,165,175,12,14,69,1,5
Geelong,2024,18,"Stengle, Tyson",25,222,68,113,335,13.4,46,18,0,58,1,72,32,65,13,13,2,152,174,13,30,22,13,19
Geelong,2024,8,"Kolodjashnij, Jake",24,203,123,124,327,13.63,1,1,0,47,72,21,6,45,12,14,0,109,204,15,0,111,2,1
Geelong,2024,35,"Dangerfield, Patrick",16,195,54,127,322,20.13,8,6,1,63,12,102,83,71,19,24,3,172,143,11,10,22,2,10
Geelong,2024,45,"Close, Brad",25,159,69,159,318,12.72,25,12,0,58,12,48,15,43,19,7,2,94,224,2,22,29,0,24
Geelong,2024,4,"Bruhn, Tanner",17,167,39,130,297,17.47,5,4,0,72,23,53,87,52,28,18,7,135,160,0,3,14,4,8
Geelong,2024,38,"Henry, Jack",25,214,143,73,287,11.48,0,0,0,34,71,11,6,39,17,10,0,119,163,31,0,130,0,0
Geelong,2024,2,"Tuohy, Zach",18,192,54,88,280,15.56,8,4,0,23,67,37,26,42,8,8,0,87,153,0,2,16,5,3
Geelong,2024,16,"De Koning, Sam",19,123,64,154,277,14.58,3,0,103,26,35,25,25,52,14,21,0,125,148,14,0,100,0,2
Geelong,2024,36,"Henry, Oliver",23,132,70,72,204,8.87,37,18,0,31,0,43,4,51,17,13,2,102,102,15,46,31,0,15
Geelong,2024,7,"Mannagh, Shaun",12,142,24,53,195,16.25,15,12,0,54,10,44,33,31,10,8,0,82,104,1,8,11,6,9
Geelong,2024,17,"Humphries, Lawson",11,137,65,50,187,17.0,1,1,0,19,29,22,8,11,8,1,0,48,126,1,2,34,8,1
Geelong,2024,13,"Clark, Jhye",15,105,26,78,183,12.2,2,1,0,43,11,35,29,43,8,11,0,67,112,0,0,10,1,4
Geelong,2024,42,"OConnor, Mark",13,87,50,68,155,11.92,2,3,0,40,13,20,18,18,9,6,0,68,85,8,3,21,0,2
Geelong,2024,3,"Parfitt, Brandan",9,77,13,76,153,17.0,1,2,0,57,6,32,43,32,4,10,0,78,73,1,1,18,0,4
Geelong,2024,33,"Neale, Shannon",15,88,61,48,136,9.07,23,11,54,31,2,19,7,43,11,16,0,69,73,15,31,23,0,6
Geelong,2024,1,"Stanley, Rhys",14,83,34,53,136,9.71,4,2,374,33,16,31,35,45,18,23,0,75,68,9,4,46,0,4
Geelong,2024,34,"Mullin, Oisin",12,58,23,58,116,9.67,0,1,0,32,15,14,7,23,7,9,0,54,64,0,1,20,3,0
Geelong,2024,26,"Hawkins, Tom",12,67,35,42,109,9.08,15,8,53,19,0,19,8,30,2,3,0,58,55,12,22,16,0,5
Geelong,2024,23,"Rohan, Gary",12,65,34,23,88,7.33,9,1,3,14,1,34,0,27,2,7,0,31,56,5,11,15,2,6
Geelong,2024,6,"Conway, Toby",5,24,12,44,68,13.6,1,0,122,18,5,10,23,15,7,9,0,50,20,3,1,14,0,2
Geelong,2024,29,"Guthrie, Cameron",4,38,13,29,67,16.75,0,0,0,11,7,8,11,9,4,2,0,27,37,1,0,9,3,2
Geelong,2024,24,"Bews, Jed",5,31,20,19,50,10.0,0,0,0,7,10,6,2,6,1,1,0,14,34,0,0,8,0,0
Geelong,2024,10,"Knevitt, Mitch",4,18,13,9,27,6.75,2,1,0,10,2,6,1,5,1,0,0,11,17,1,2,2,0,0
Geelong,2024,14,"OSullivan, Connor",1,3,3,8,11,11.0,0,1,0,1,1,1,0,3,1,0,0,6,5,1,0,5,0,0
Geelong,2024,40,"Clohesy, Ted",2,6,3,4,10,5.0,0,1,0,8,0,1,1,0,0,0,0,3,7,0,0,1,0,0
Gold Coast,2024,3,"Flanders, Sam",22,380,122,300,680,30.91,11,5,0,50,66,82,80,72,27,11,12,201,442,0,2,16,9,15
Gold Coast,2024,15,"Anderson, Noah",23,362,109,304,666,28.96,13,8,0,71,62,139,130,87,26,8,14,248,416,0,3,21,17,15
Gold Coast,2024,18,"Rowell, Matt",23,244,32,294,538,23.39,8,3,0,184,35,88,163,97,55,34,25,322,220,1,0,21,5,12
Gold Coast,2024,11,"Miller, Touk",18,217,58,257,474,26.33,4,7,0,87,33,82,81,80,23,22,5,188,295,0,3,17,0,18
Gold Coast,2024,27,"Powell, Wil",18,220,97,112,332,18.44,2,3,0,42,94,36,5,32,14,9,0,78,203,6,1,43,8,6
Gold Coast,2024,33,"Clohesy, Sam",20,204,83,119,323,16.15,6,1,0,47,43,59,23,37,12,7,0,96,222,3,1,24,11,7
Gold Coast,2024,32,"Uwland, Bodhi",21,210,104,103,313,14.9,0,3,0,38,84,27,7,30,13,8,0,73,224,10,0,100,5,1
Gold Coast,2024,6,"Sexton, Alex",15,193,87,97,290,19.33,2,3,0,29,64,41,11,29,7,9,0,46,214,2,0,17,14,6
Gold Coast,2024,31,"Andrew, Mac",20,199,118,87,286,14.3,9,4,37,33,56,36,12,67,23,30,0,92,187,15,9,80,2,1
Gold Coast,2024,25,"Collins, Sam",23,163,121,120,283,12.3,0,0,0,36,67,16,7,32,19,8,0,149,144,26,1,198,0,0
Gold Coast,2024,10,"Ballard, Charlie",23,184,111,94,278,12.09,1,0,0,28,66,14,5,46,11,16,1,106,165,26,1,118,0,0
Gold Coast,2024,9,"Ainsworth, Ben",17,173,83,92,265,15.59,16,9,0,19,16,46,8,35,6,11,0,56,205,3,21,7,8,5
Gold Coast,2024,13,"Lukosius, Jack",21,199,103,66,265,12.62,23,18,23,25,25,68,6,48,12,14,2,87,170,13,20,47,1,16
Gold Coast,2024,7,"Holman, Nick",21,108,42,126,234,11.14,10,11,0,79,11,43,13,46,11,22,0,97,139,2,4,20,3,7
Gold Coast,2024,8,"Fiorini, Brayden",12,125,59,103,228,19.0,6,4,0,22,24,32,9,21,6,2,0,52,167,0,2,11,7,4
Gold Coast,2024,28,"Witts, Jarrod",16,113,39,109,222,13.88,8,3,600,63,12,42,74,49,27,21,1,147,76,10,3,56,0,5
Gold Coast,2024,26,"Graham, Will",17,91,31,127,218,12.82,8,3,0,81,5,44,28,29,22,7,0,90,131,2,3,11,8,4
Gold Coast,2024,19,"Humphrey, Bailey",21,123,39,95,218,10.38,14,19,0,49,3,52,30,37,15,13,0,100,123,3,14,15,0,16
Gold Coast,2024,24,"Swallow, David",20,107,50,95,202,10.1,9,2,0,34,19,32,11,35,6,11,0,81,119,6,5,27,0,3
Gold Coast,2024,40,"Jeffrey, Joel",12,132,44,67,199,16.58,1,2,0,14,34,36,5,26,1,7,0,43,145,3,2,20,5,2
Gold Coast,2024,16,"Berry, Tom",17,107,43,89,196,11.53,3,5,0,47,9,49,9,44,19,7,0,78,125,1,7,37,3,9
Gold Coast,2024,34,"King, Ben",22,141,98,35,176,8.0,55,26,0,13,0,28,1,37,24,16,3,93,90,30,64,18,2,3
Gold Coast,2024,22,"Long, Ben",17,122,62,51,173,10.18,26,17,0,46,0,41,9,52,8,23,0,81,98,9,31,27,2,18
Gold Coast,2024,35,"Budarick, Connor",8,80,36,40,120,15.0,0,0,0,18,24,13,1,20,5,5,0,34,81,2,0,12,4,0
Gold Coast,2024,5,"Davies, Alex",7,37,8,72,109,15.57,1,1,1,49,4,14,24,21,7,9,1,54,56,1,1,5,0,1
Gold Coast,2024,49,"Moyle, Ned",8,51,21,57,108,13.5,1,0,227,23,7,24,34,28,11,15,0,82,29,11,0,27,0,1
Gold Coast,2024,14,"Weller, Lachie",6,62,18,38,100,16.67,2,3,0,18,25,17,9,21,3,3,0,23,67,0,0,4,11,1
Gold Coast,2024,29,"Rogers, Jake",9,33,10,50,83,9.22,2,0,0,24,0,18,7,19,1,6,0,37,46,0,0,2,2,8
Gold Coast,2024,17,"Walter, Jed",14,54,25,26,80,5.71,11,14,16,31,1,19,4,30,14,14,0,51,31,8,12,27,0,2
Gold Coast,2024,38,"Johnston, Lloyd",7,43,21,25,68,9.71,3,3,0,15,5,12,2,9,5,0,0,25,47,3,6,11,2,1
Gold Coast,2024,41,"Rosas, Malcolm",7,38,14,13,51,7.29,12,6,0,11,0,5,3,21,5,8,0,19,36,0,12,4,1,3
Gold Coast,2024,12,"Day, Sam",5,27,27,18,45,9.0,10,4,25,9,0,7,2,9,1,3,0,31,20,13,14,8,0,1
Gold Coast,2024,4,"Ellis, Brandon",4,28,9,14,42,10.5,1,2,0,5,0,7,1,7,1,1,0,14,28,0,1,3,0,1
Gold Coast,2024,2,"Atkins, Rory",3,23,9,14,37,12.33,0,1,0,1,8,7,0,3,0,1,0,4,23,0,0,5,0,0
Gold Coast,2024,23,"Lemmens, Sean",3,24,6,13,37,12.33,0,0,0,9,13,6,2,6,5,0,0,15,20,1,0,7,0,0
Gold Coast,2024,30,"Casboult, Levi",3,15,6,12,27,9.0,0,1,23,6,1,5,2,7,3,3,0,16,11,2,1,7,0,1
Gold Coast,2024,20,"Read, Ethan",4,9,4,9,18,4.5,3,1,15,1,1,1,0,7,2,5,0,9,9,1,0,8,0,2
Gold Coast,2024,44,"Macpherson, Darcy",2,1,0,2,3,1.5,0,0,0,1,0,1,0,0,0,0,0,2,1,0,0,0,0,0
Greater Western Sydney,2024,12,"Green, Tom",25,334,75,436,770,30.8,9,3,0,101,62,100,154,126,12,26,27,363,410,2,2,19,3,6
Greater Western Sydney,2024,6,"Whitfield, Lachie",25,489,177,265,754,30.16,0,1,0,72,145,65,33,93,20,32,9,142,467,3,1,27,14,5
Greater Western Sydney,2024,17,"Callaghan, Finn",24,224,66,326,550,22.92,2,7,0,86,39,92,82,79,18,24,6,189,360,1,1,16,15,9
Greater Western Sydney,2024,27,"Himmelberg, Harry",25,331,157,189,520,20.8,0,2,0,55,140,36,13,59,19,18,0,123,325,15,1,109,26,5
Greater Western Sydney,2024,39,"Idun, Connor",25,226,170,252,478,19.12,0,1,0,36,92,12,8,35,6,9,0,149,321,9,0,122,12,0
Greater Western Sydney,2024,16,"Daniels, Brent",24,258,77,170,428,17.83,23,18,0,112,9,100,62,82,20,16,0,162,252,4,21,25,3,37
Greater Western Sydney,2024,22,"Kelly, Josh",17,221,71,192,413,24.29,16,6,0,62,36,78,53,41,6,11,6,131,284,0,8,17,14,6
Greater Western Sydney,2024,7,"Ash, Lachie",19,243,101,143,386,20.32,1,1,0,33,77,31,14,43,7,8,0,86,267,1,2,44,26,6
Greater Western Sydney,2024,36,"Perryman, Harry",21,235,104,143,378,18.0,3,1,0,59,86,33,14,51,9,9,0,102,266,7,2,35,8,2
Greater Western Sydney,2024,8,"Ward, Callan",20,193,87,175,368,18.4,13,2,0,54,33,37,53,44,17,12,0,140,230,4,11,23,4,4
Greater Western Sydney,2024,4,"Greene, Toby",24,257,101,109,366,15.25,44,33,0,58,4,105,33,90,25,40,10,149,221,10,28,14,2,27
Greater Western Sydney,2024,32,"Briggs, Kieren",24,195,48,166,361,15.04,3,12,762,114,33,58,148,111,30,41,1,245,97,11,6,59,1,10
Greater Western Sydney,2024,44,"Buckley, Jack",23,202,133,117,319,13.87,1,0,0,46,65,20,1,39,19,19,0,116,201,22,0,165,13,1
Greater Western Sydney,2024,3,"Coniglio, Stephen",15,169,28,147,316,21.07,4,5,0,50,21,54,60,59,16,19,1,109,200,1,4,12,6,19
Greater Western Sydney,2024,23,"Hogan, Jesse",25,221,163,85,306,12.24,77,26,0,34,2,26,6,37,25,9,15,166,146,65,102,40,0,13
Greater Western Sydney,2024,14,"Bedford, Toby",23,103,41,165,268,11.65,10,7,0,141,5,52,31,50,17,23,2,96,187,2,11,24,5,13
Greater Western Sydney,2024,20,"Peatling, James",19,159,32,103,262,13.79,7,3,0,97,12,51,65,40,36,10,1,137,130,3,2,13,3,8
Greater Western Sydney,2024,28,"Thomas, Harvey",22,106,45,143,249,11.32,9,5,0,60,7,32,15,36,5,8,0,105,155,2,9,30,1,13
Greater Western Sydney,2024,15,"Taylor, Sam",18,105,85,113,218,12.11,0,0,0,34,43,5,1,38,17,13,2,115,99,32,0,111,5,0
Greater Western Sydney,2024,33,"OHalloran, Xavier",19,129,41,83,212,11.16,8,7,0,51,14,59,14,52,8,19,0,80,138,4,9,23,0,13
Greater Western Sydney,2024,26,"Riccardi, Jake",19,133,93,72,205,10.79,26,12,75,27,7,37,16,48,7,15,2,73,132,27,40,19,0,12
Greater Western Sydney,2024,2,"Jones, Darcy",14,95,24,84,179,12.79,12,6,0,45,8,42,8,33,5,7,1,74,109,0,7,14,5,8
Greater Western Sydney,2024,5,"Cadman, Aaron",23,112,54,60,172,7.48,30,11,20,67,5,29,6,39,12,18,0,76,100,10,31,22,2,4
Greater Western Sydney,2024,10,"Wehr, Jacob",11,94,38,59,153,13.91,0,2,0,21,17,27,9,25,9,4,0,47,112,0,1,12,1,3
Greater Western Sydney,2024,19,"Haynes, Nick",8,100,55,37,137,17.13,0,1,0,11,34,13,5,25,3,5,0,27,109,3,1,21,1,1
Greater Western Sydney,2024,31,"McMullin, Toby",14,63,23,59,122,8.71,6,2,0,38,10,17,8,19,10,4,0,38,84,2,3,7,1,2
Greater Western Sydney,2024,46,"Brown, Callum",13,58,35,42,100,7.69,17,5,2,22,1,17,5,23,4,8,2,41,66,10,14,27,0,5
Greater Western Sydney,2024,13,"Cumming, Isaac",6,46,24,38,84,14.0,3,1,0,25,7,13,11,14,4,7,0,34,57,3,3,13,1,1
Greater Western Sydney,2024,21,"Aleer, Leek",8,43,26,39,82,10.25,0,0,0,18,19,3,1,15,9,8,0,37,41,7,0,46,1,0
Greater Western Sydney,2024,9,"Angwin, Ryan",4,24,9,26,50,12.5,1,2,0,16,6,9,1,6,4,1,0,15,35,1,1,2,1,0
Greater Western Sydney,2024,37,"Fonti, Joe",5,18,8,31,49,9.8,0,0,0,6,7,6,0,13,1,4,0,8,42,0,0,4,1,1
Greater Western Sydney,2024,25,"Keeffe, Lachlan",5,19,8,16,35,7.0,1,4,90,16,0,4,6,9,4,3,0,23,12,1,4,12,0,2
Greater Western Sydney,2024,35,"Gruzewski, Max",4,9,6,3,12,3.0,3,0,0,1,0,0,0,4,1,2,0,6,6,2,3,3,0,1
Greater Western Sydney,2024,18,"Stone, Conor",4,8,2,3,11,2.75,1,0,0,6,2,2,0,3,2,2,0,6,6,1,0,1,0,0
Hawthorn,2024,3,"Newcombe, Jai",25,262,97,357,619,24.76,11,4,0,111,35,105,147,87,29,42,24,288,342,9,5,28,5,18
Hawthorn,2024,10,"Amon, Karl",25,425,143,127,552,22.08,4,2,0,50,142,64,28,53,12,11,3,93,363,1,2,29,25,8
Hawthorn,2024,5,"Worpel, James",25,280,52,265,545,21.8,6,11,0,110,31,133,132,92,16,32,14,262,309,0,1,31,7,21
Hawthorn,2024,16,"DAmbrosio, Massimo",24,299,120,208,507,21.13,7,7,0,49,58,56,35,50,15,12,5,155,350,3,5,28,3,5
Hawthorn,2024,13,"Moore, Dylan",25,279,133,208,487,19.48,36,18,0,99,7,102,49,59,48,13,9,185,309,6,34,24,7,33
Hawthorn,2024,11,"Nash, Conor",25,211,62,262,473,18.92,1,4,36,137,26,81,122,92,26,35,2,218,260,2,2,36,2,11
Hawthorn,2024,6,"Sicily, James",22,337,167,136,473,21.5,9,7,0,30,117,50,9,66,34,19,4,132,294,23,7,70,12,4
Hawthorn,2024,4,"Impey, Jarman",25,316,139,155,471,18.84,2,4,0,61,77,72,21,59,23,15,1,125,351,6,0,64,18,4
Hawthorn,2024,31,"Macdonald, Connor",25,249,132,187,436,17.44,28,19,0,69,18,65,26,68,12,19,1,132,311,4,19,9,12,14
Hawthorn,2024,14,"Scrimshaw, Jack",24,283,142,151,434,18.08,0,0,0,37,94,26,8,61,10,23,0,149,235,26,0,70,22,0
Hawthorn,2024,33,"Ginnivan, Jack",23,235,89,145,380,16.52,28,25,0,63,4,73,30,70,25,19,3,125,255,1,29,18,2,13
Hawthorn,2024,15,"Hardwick, Blake",25,250,118,124,374,14.96,13,5,0,63,65,22,8,47,17,17,2,128,232,10,18,73,6,7
Hawthorn,2024,23,"Weddle, Josh",25,199,99,155,354,14.16,10,8,24,44,45,59,10,51,18,11,3,114,247,16,4,106,25,4
Hawthorn,2024,12,"Day, Will",16,146,43,163,309,19.31,3,4,0,74,18,57,57,31,16,14,8,125,187,2,3,27,11,5
Hawthorn,2024,17,"Meek, Lloyd",21,120,50,185,305,14.52,8,6,759,72,15,44,72,72,33,37,0,176,136,13,7,55,0,13
Hawthorn,2024,28,"Mackenzie, Cam",20,162,53,138,300,15.0,9,5,0,50,24,54,46,37,12,9,0,104,209,0,6,14,7,7
Hawthorn,2024,8,"Frost, Sam",24,124,80,96,220,9.17,0,0,2,38,39,10,5,38,10,21,0,92,125,11,0,92,2,0
Hawthorn,2024,18,"Chol, Mabior",23,168,85,46,214,9.3,37,21,39,62,1,50,15,73,24,31,0,100,115,20,44,30,4,16
Hawthorn,2024,34,"Watson, Nick",18,118,55,77,195,10.83,25,27,0,45,1,39,14,22,27,10,0,91,105,3,23,14,7,13
Hawthorn,2024,1,"Morrison, Harry",12,122,51,61,183,15.25,2,1,0,23,22,21,14,27,6,6,0,55,122,2,2,20,0,3
Hawthorn,2024,32,"Maginness, Finn",13,94,37,88,182,14.0,6,6,0,23,9,27,13,20,1,5,0,58,124,6,6,7,0,5
Hawthorn,2024,25,"Ward, Josh",12,96,49,83,179,14.92,1,3,0,28,6,34,21,22,2,3,0,51,129,0,1,9,4,4
Hawthorn,2024,19,"Gunston, Jack",18,120,82,39,159,8.83,29,17,0,21,1,21,2,27,6,12,3,48,111,9,44,14,2,11
Hawthorn,2024,22,"Breust, Luke",19,89,40,53,142,7.47,21,8,0,25,0,32,5,28,13,13,0,53,88,3,19,8,2,7
Hawthorn,2024,9,"Jiath, Changkuoth",11,76,33,55,131,11.91,3,4,0,22,16,21,6,19,10,10,0,48,89,1,4,28,4,3
Hawthorn,2024,35,"Dear, Calsher",17,67,46,52,119,7.0,25,11,1,42,0,11,2,29,13,7,0,71,53,17,27,42,0,3
Hawthorn,2024,40,"Mitchell, Seamus",10,48,26,38,86,8.6,0,0,0,18,11,7,2,24,2,8,0,28,59,5,0,15,2,1
Hawthorn,2024,29,"Serong, Jai",5,19,11,23,42,8.4,0,0,0,13,6,2,1,4,3,1,0,19,21,1,0,13,0,0
Hawthorn,2024,7,"Reeves, Ned",4,13,7,20,33,8.25,1,0,91,9,1,0,10,14,3,9,0,21,13,3,0,13,0,0
Hawthorn,2024,2,"Lewis, Mitch",4,21,18,11,32,8.0,5,2,1,3,0,2,1,8,0,3,0,14,16,7,8,12,0,1
Hawthorn,2024,44,"Hustwaite, Henry",4,10,1,16,26,6.5,0,0,0,8,3,3,5,7,3,3,0,18,10,0,0,0,0,0
Hawthorn,2024,38,"Ramsden, Max",3,7,7,10,17,5.67,1,0,11,6,1,2,2,5,3,1,0,8,8,1,1,2,0,0
Hawthorn,2024,30,"Butler, Sam",2,7,6,3,10,5.0,0,0,0,3,1,3,0,1,0,1,0,2,9,0,0,1,0,0
Hawthorn,2024,37,"Phillips, Ethan",1,6,3,4,10,10.0,0,0,0,1,1,0,0,0,0,0,0,4,6,0,0,5,0,0
Melbourne,2024,24,"Rivers, Trent",23,305,122,185,490,21.3,2,2,0,60,75,85,60,71,14,11,7,156,319,5,1,39,8,10
Melbourne,2024,13,"Oliver, Clayton",21,229,59,258,487,23.19,3,4,0,84,26,76,93,97,20,42,5,235,246,0,1,22,1,12
Melbourne,2024,7,"Viney, Jack",23,258,60,226,484,21.04,10,4,0,143,32,102,105,95,31,21,8,238,255,2,7,27,1,17
Melbourne,2024,15,"Langdon, Ed",22,243,119,206,449,20.41,9,10,0,53,49,48,37,60,13,14,5,140,314,1,14,18,5,12
Melbourne,2024,30,"Neal-Bullen, Alex",23,224,77,209,433,18.83,9,6,0,117,28,63,62,65,22,18,0,167,274,2,8,23,4,10
Melbourne,2024,11,"Gawn, Max",21,235,110,166,401,19.1,11,9,713,54,51,51,105,76,48,24,13,252,153,42,14,57,0,4
Melbourne,2024,4,"McVee, Judd",23,259,80,123,382,16.61,1,2,0,23,83,22,21,37,15,7,1,127,203,4,1,48,13,5
Melbourne,2024,1,"May, Steven",19,295,132,52,347,18.26,1,0,0,18,109,16,1,45,10,11,0,75,184,20,0,118,4,3
Melbourne,2024,3,"Salem, Christian",17,226,99,114,340,20.0,1,2,0,47,51,35,24,40,8,14,1,94,227,4,1,16,2,1
Melbourne,2024,25,"McDonald, Tom",22,230,132,86,316,14.36,3,0,0,37,94,18,2,50,13,16,0,103,198,19,2,153,1,0
Melbourne,2024,32,"Sparrow, Tom",21,193,74,120,313,14.9,6,7,0,76,31,54,46,52,10,12,0,118,198,2,4,26,3,7
Melbourne,2024,5,"Petracca, Christian",13,148,57,156,304,23.38,14,12,0,39,4,69,56,34,9,6,16,140,161,8,10,15,0,19
Melbourne,2024,37,"Chandler, Kade",23,166,72,120,286,12.43,18,9,0,94,16,61,20,44,12,18,0,94,201,1,9,20,2,10
Melbourne,2024,6,"Windsor, Caleb",19,165,57,110,275,14.47,8,5,0,49,25,44,30,46,10,8,0,85,192,1,3,16,12,6
Melbourne,2024,36,"Pickett, Kysaiah",21,202,56,64,266,12.67,36,24,0,75,3,68,34,60,13,23,3,118,144,6,26,18,11,13
Melbourne,2024,14,"Billings, Jack",16,152,74,98,250,15.63,4,8,0,29,15,36,11,33,10,5,0,67,184,1,8,10,2,8
Melbourne,2024,8,"Lever, Jake",18,159,107,84,243,13.5,1,0,0,23,61,20,4,41,15,23,0,90,155,11,0,95,1,0
Melbourne,2024,17,"Bowey, Jake",14,160,65,64,224,16.0,0,2,0,20,48,14,4,25,5,5,0,56,141,2,0,13,3,3
Melbourne,2024,31,"Fritsch, Bayley",23,156,78,63,219,9.52,41,23,0,27,5,45,2,52,13,22,4,89,133,21,33,17,5,12
Melbourne,2024,2,"van Rooyen, Jacob",21,127,81,88,215,10.24,30,16,89,38,7,26,17,42,20,19,1,97,121,19,35,32,1,7
Melbourne,2024,22,"Howes, Blake",16,119,72,84,203,12.69,0,1,0,26,42,10,5,25,12,7,0,82,123,0,0,44,0,0
Melbourne,2024,35,"Petty, Harry",20,105,95,72,177,8.85,9,15,41,57,15,25,3,46,15,27,3,87,100,32,23,26,0,7
Melbourne,2024,20,"Tomlinson, Adam",8,81,37,38,119,14.88,0,0,0,13,32,3,1,15,7,9,0,43,62,7,0,50,1,0
Melbourne,2024,42,"Turner, Daniel",15,79,59,39,118,7.87,17,7,2,14,3,34,0,23,5,10,0,48,70,12,19,26,0,4
Melbourne,2024,40,"Woewodin, Taj",16,69,41,49,118,7.38,1,2,0,25,12,19,9,17,4,5,0,31,90,1,2,10,0,0
Melbourne,2024,39,"Tholstrup, Koltyn",10,69,24,48,117,11.7,5,5,0,36,9,23,14,19,6,5,0,54,68,3,9,14,2,5
Melbourne,2024,45,"Moniz-Wakefield, Andy",6,43,14,33,76,12.67,0,0,0,20,12,10,2,14,3,2,0,26,46,0,0,9,1,1
Melbourne,2024,27,"Hore, Marty",6,57,36,12,69,11.5,0,0,0,7,19,4,3,15,0,6,0,15,58,3,0,15,0,1
Melbourne,2024,18,"Melksham, Jake",8,50,30,19,69,8.63,8,4,0,7,1,21,2,8,3,3,0,26,42,5,10,4,0,10
Melbourne,2024,16,"Laurie, Bailey",6,24,11,30,54,9.0,2,0,0,9,1,9,9,7,2,0,0,20,34,0,1,1,1,1
Melbourne,2024,50,"Brown, Ben",6,26,18,11,37,6.17,7,4,1,2,0,5,0,5,3,0,0,16,20,6,6,11,0,1
Melbourne,2024,12,"Hunter, Lachie",2,18,6,9,27,13.5,1,0,0,0,0,6,0,5,0,0,0,3,22,0,0,4,0,0
Melbourne,2024,23,"McAdam, Shane",3,12,10,14,26,8.67,1,2,0,9,1,2,2,4,1,2,0,7,20,1,5,2,3,1
Melbourne,2024,9,"Spargo, Charlie",1,5,1,7,12,12.0,0,1,0,2,0,3,0,3,1,2,0,2,10,0,0,0,1,0
Melbourne,2024,19,"Schache, Josh",1,3,2,1,4,4.0,0,2,1,2,0,0,0,1,1,0,0,2,3,0,1,3,0,0
Melbourne,2024,41,"Brown, Kynan",2,2,0,1,3,1.5,0,0,0,2,0,0,1,0,1,0,0,3,0,0,0,0,0,0
North Melbourne,2024,9,"Davies-Uniacke, Luke",23,316,85,322,638,27.74,11,4,0,89,36,122,146,84,25,31,18,287,362,1,4,21,16,13
North Melbourne,2024,3,"Sheezel, Harry",21,330,133,296,626,29.81,14,1,0,80,68,75,73,58,14,15,15,209,384,5,8,28,4,20
North Melbourne,2024,8,"Scott, Bailey",23,313,115,154,467,20.3,5,3,0,58,93,65,25,59,10,9,0,114,322,2,6,16,4,8
North Melbourne,2024,24,"Powell, Tom",23,220,86,242,462,20.09,9,2,0,96,34,66,92,54,7,13,0,165,291,0,4,9,3,13
North Melbourne,2024,16,"Fisher, Zac",18,306,90,127,433,24.06,0,2,0,16,105,22,9,54,12,12,0,100,259,0,1,16,11,0
North Melbourne,2024,38,"Xerri, Tristan",23,194,66,218,412,17.91,8,3,794,173,31,50,152,113,54,58,1,289,123,21,9,74,1,6
North Melbourne,2024,13,"Tucker, Darcy",23,253,102,148,401,17.43,3,1,0,58,71,43,15,48,12,16,0,84,319,1,4,32,2,6
North Melbourne,2024,10,"McKercher, Colby",16,255,70,126,381,23.81,0,2,0,29,80,25,10,40,2,10,1,63,233,0,0,9,46,3
North Melbourne,2024,12,"Simpkin, Jy",18,218,56,160,378,21.0,11,5,0,56,19,76,73,68,24,30,1,168,216,4,14,19,8,10
North Melbourne,2024,6,"Wardlaw, George",18,203,60,141,344,19.11,7,6,0,78,29,62,86,61,28,17,2,173,181,4,4,15,2,10
North Melbourne,2024,44,"Zurhaar, Cameron",22,187,89,123,310,14.09,29,18,1,61,6,68,17,69,25,25,1,127,194,17,27,23,1,13
North Melbourne,2024,11,"McDonald, Luke",22,211,105,98,309,14.05,0,0,0,51,61,33,6,37,12,11,0,79,214,10,0,78,1,1
North Melbourne,2024,4,"Corr, Aidan",23,190,103,99,289,12.57,0,0,1,32,74,14,6,45,14,25,0,94,188,10,0,144,0,1
North Melbourne,2024,25,"Curtis, Paul",23,157,82,103,260,11.3,30,21,0,68,2,45,6,81,20,40,0,121,141,11,28,22,0,14
North Melbourne,2024,30,"Comben, Charlie",19,167,122,87,254,13.37,3,1,1,28,60,11,3,36,21,14,0,100,153,29,3,86,4,1
North Melbourne,2024,20,"Larkey, Nick",23,145,99,74,219,9.52,46,14,34,23,1,30,6,43,24,16,3,97,135,20,50,33,1,7
North Melbourne,2024,40,"Ford, Eddie",18,117,74,89,206,11.44,15,11,0,35,9,19,4,34,7,11,0,84,121,10,20,11,4,6
North Melbourne,2024,15,"Stephens, Dylan",16,134,43,70,204,12.75,0,1,0,23,32,35,17,29,14,5,0,59,142,2,1,11,1,5
North Melbourne,2024,14,"Shiels, Liam",17,112,42,91,203,11.94,4,5,0,46,17,21,24,42,12,16,0,76,125,4,3,16,2,4
North Melbourne,2024,29,"Phillips, Will",11,58,22,96,154,14.0,2,0,0,55,5,19,25,18,10,7,0,63,94,0,1,10,1,4
North Melbourne,2024,2,"Stephenson, Jaidyn",12,106,51,46,152,12.67,8,0,0,20,20,30,2,23,5,8,0,38,106,1,3,13,4,3
North Melbourne,2024,34,"Archer, Jackson",15,82,50,66,148,9.87,0,0,0,38,31,3,5,30,19,14,0,60,94,7,0,33,0,0
North Melbourne,2024,42,"Dawson, Kallan",11,62,37,50,112,10.18,1,0,0,12,29,6,4,18,7,10,0,35,72,2,1,48,2,1
North Melbourne,2024,32,"Pink, Toby",15,57,38,47,104,6.93,7,6,9,17,6,14,3,20,11,7,0,41,67,8,8,39,0,4
North Melbourne,2024,35,"Lazzaro, Charlie",9,42,17,57,99,11.0,2,0,0,19,3,13,10,13,3,2,0,34,64,1,2,2,0,6
North Melbourne,2024,7,"Duursma, Zane",13,59,40,38,97,7.46,9,8,0,10,2,16,2,14,10,4,0,37,61,7,7,11,1,2
North Melbourne,2024,5,"Taylor, Curtis",8,57,30,29,86,10.75,3,0,0,18,10,8,4,14,4,3,0,24,62,2,3,6,0,4
North Melbourne,2024,43,"Teakle, Brynn",11,45,28,35,80,7.27,9,2,57,10,2,21,12,17,4,5,0,45,37,15,5,11,0,1
North Melbourne,2024,41,"Drury, Blake",6,37,24,24,61,10.17,3,0,0,7,5,14,2,8,2,0,0,16,43,1,3,3,0,1
North Melbourne,2024,46,"Hansen, Robert",6,26,10,25,51,8.5,4,2,0,4,2,9,2,10,2,2,0,19,31,0,2,3,2,2
North Melbourne,2024,28,"Nyuon, Bigoa",3,29,18,14,43,14.33,0,0,2,7,7,0,0,8,2,2,0,10,29,2,0,16,0,0
North Melbourne,2024,17,"Hardeman, Riley",3,21,9,9,30,10.0,0,0,0,6,5,0,1,3,1,1,0,7,25,0,0,2,0,0
North Melbourne,2024,1,"Greenwood, Hugh",3,9,3,19,28,9.33,1,1,11,19,0,0,6,2,1,1,0,20,10,1,1,7,0,1
North Melbourne,2024,19,"Logue, Griffin",2,15,9,9,24,12.0,0,0,0,3,6,1,0,5,0,1,0,12,11,3,0,15,0,0
North Melbourne,2024,27,"Bergman, Miller",3,16,9,6,22,7.33,0,0,0,2,2,2,0,1,0,0,0,5,15,1,0,2,0,0
North Melbourne,2024,21,"Coleman-Jones, Callum",3,6,7,12,18,6.0,0,0,11,1,0,2,0,2,3,1,0,10,11,2,0,3,0,2
North Melbourne,2024,18,"Dawson, Wil",3,10,7,6,16,5.33,0,0,0,3,2,1,0,1,1,1,0,7,9,1,0,13,1,0
North Melbourne,2024,31,"Goater, Josh",1,7,2,3,10,10.0,0,0,0,1,4,0,0,3,1,2,0,3,7,0,0,4,0,0
North Melbourne,2024,36,"Sellers, Tyler",2,1,1,2,3,1.5,0,0,0,1,0,0,0,3,0,3,0,1,2,0,1,1,0,0
Port Adelaide,2024,9,"Butters, Zak",26,370,123,335,705,27.12,13,13,0,107,38,119,127,91,35,30,29,272,438,0,5,31,61,14
Port Adelaide,2024,16,"Wines, Ollie",25,251,103,337,588,23.52,7,10,9,119,30,76,124,65,24,13,11,288,295,5,10,28,1,7
Port Adelaide,2024,1,"Rozee, Connor",23,335,98,208,543,23.61,15,16,0,102,32,108,101,76,27,18,12,186,324,0,9,27,11,7
Port Adelaide,2024,18,"Horne-Francis, Jason",24,373,106,149,522,21.75,27,21,0,71,22,116,138,95,45,48,19,252,258,13,21,19,28,22
Port Adelaide,2024,5,"Houston, Dan",22,368,118,139,507,23.05,7,4,0,77,112,77,31,51,20,14,4,125,299,12,3,40,3,9
Port Adelaide,2024,28,"Drew, Willem",26,283,93,220,503,19.35,4,7,0,159,31,99,105,85,29,28,0,224,283,4,4,38,1,11
Port Adelaide,2024,6,"Farrell, Kane",22,322,109,102,424,19.27,6,5,0,56,99,67,22,48,13,17,1,79,266,1,3,44,25,5
Port Adelaide,2024,10,"Boak, Travis",23,248,115,171,419,18.22,5,17,0,67,28,88,32,51,9,18,0,124,300,4,5,29,4,18
Port Adelaide,2024,7,"Burgoyne, Jase",23,252,114,165,417,18.13,5,9,0,82,43,55,37,39,19,11,0,153,261,3,6,37,5,4
Port Adelaide,2024,14,"Bergman, Miles",26,280,169,128,408,15.69,4,9,0,74,80,71,15,54,19,15,0,133,275,18,4,50,8,0
Port Adelaide,2024,44,"Mead, Jackson",26,202,77,163,365,14.04,6,5,0,77,24,69,39,56,15,13,0,124,241,3,8,15,5,14
Port Adelaide,2024,21,"Aliir, Aliir",25,271,161,86,357,14.28,0,0,0,34,84,17,5,74,20,29,0,143,210,33,0,119,5,1
Port Adelaide,2024,33,"Byrne-Jones, Darcy",26,196,66,97,293,11.27,28,17,0,77,9,57,13,49,18,12,0,111,174,4,16,35,3,25
Port Adelaide,2024,25,"Zerk-Thatcher, Brandon",26,192,136,93,285,10.96,0,0,0,38,56,16,5,41,19,14,0,113,171,19,0,124,1,1
Port Adelaide,2024,3,"Burton, Ryan",15,207,66,61,268,17.87,3,4,0,23,62,37,10,35,8,11,0,49,160,3,0,25,1,4
Port Adelaide,2024,34,"Jones, Lachie",21,121,68,103,224,10.67,0,0,0,39,38,22,9,41,14,9,0,95,136,6,0,54,0,2
Port Adelaide,2024,27,"Ratugolea, Esava",23,140,107,80,220,9.57,4,7,4,47,40,24,7,48,21,24,0,111,107,24,11,113,0,2
Port Adelaide,2024,19,"Georgiades, Mitch",20,142,107,75,217,10.85,44,27,0,33,1,42,3,48,12,24,1,81,143,21,58,27,5,8
Port Adelaide,2024,43,"Evans, Logan",13,160,71,44,204,15.69,2,2,0,21,44,24,5,26,8,8,0,44,134,5,2,34,1,1
Port Adelaide,2024,15,"Rioli, Willie",20,149,44,43,192,9.6,33,20,0,59,3,30,11,47,13,23,0,79,108,4,24,25,1,13
Port Adelaide,2024,22,"Dixon, Charlie",18,102,64,85,187,10.39,24,18,117,26,1,20,18,44,19,16,3,128,64,33,39,39,0,9
Port Adelaide,2024,4,"Marshall, Todd",19,136,91,37,173,9.11,21,18,5,29,3,39,1,38,12,10,4,54,118,14,49,24,0,14
Port Adelaide,2024,24,"Sweet, Jordon",17,71,35,97,168,9.88,4,4,598,85,22,24,46,45,19,30,0,101,72,7,6,58,0,5
Port Adelaide,2024,11,"Finlayson, Jeremy",12,102,41,45,147,12.25,12,17,36,18,3,27,18,39,5,13,0,60,88,5,16,16,4,8
Port Adelaide,2024,31,"Evans, Francis",17,86,35,44,130,7.65,9,7,0,41,2,26,6,26,11,10,0,59,75,5,7,9,0,5
Port Adelaide,2024,41,"McEntee, Jed",14,49,19,51,100,7.14,7,4,0,39,1,17,2,21,2,11,0,40,61,0,7,8,0,3
Port Adelaide,2024,42,"Narkle, Quinton",13,74,41,20,94,7.23,4,10,0,14,4,19,4,14,1,3,0,27,70,1,11,6,0,2
Port Adelaide,2024,13,"Soldo, Ivan",8,51,18,33,84,10.5,5,4,224,22,5,12,30,29,9,16,0,46,30,5,6,21,0,5
Port Adelaide,2024,8,"Sinn, Josh",6,57,21,18,75,12.5,1,0,0,8,20,6,1,10,2,1,0,17,55,0,0,8,1,1
Port Adelaide,2024,23,"Williams, Dylan",5,41,19,9,50,10.0,0,0,0,2,21,6,0,5,0,2,0,10,30,3,0,3,0,0
Port Adelaide,2024,30,"Lord, Ollie",6,23,14,10,33,5.5,6,3,1,9,0,2,0,10,4,3,0,18,17,2,7,16,0,3
Port Adelaide,2024,2,"Powell-Pepper, Sam",3,19,9,9,28,9.33,3,4,0,14,1,5,3,7,2,4,0,12,17,1,3,4,0,2
Port Adelaide,2024,38,"Visentini, Dante",3,10,4,12,22,7.33,1,0,71,10,0,1,5,9,2,7,0,9,12,1,1,10,0,1
Port Adelaide,2024,36,"Lorenz, Will",2,4,2,2,6,3.0,0,0,0,4,0,0,2,0,0,0,0,4,2,0,0,0,0,0
Richmond,2024,17,"Rioli, Daniel",23,289,91,247,536,23.3,6,1,0,68,89,56,26,62,11,11,4,136,369,0,2,28,54,7
Richmond,2024,15,"Short, Jayden",22,384,110,98,482,21.91,1,4,0,25,100,53,13,54,9,9,1,74,315,2,1,19,4,4
Richmond,2024,1,"Vlastuin, Nick",22,322,149,121,443,20.14,0,0,0,49,134,21,7,76,29,29,0,130,241,19,0,52,5,0
Richmond,2024,14,"Taranto, Tim",15,185,53,190,375,25.0,6,10,0,80,27,56,84,64,18,15,5,169,196,3,5,8,0,11
Richmond,2024,29,"Bolton, Shai",22,218,83,151,369,16.77,34,26,0,57,8,84,68,85,14,20,5,156,226,10,33,30,45,11
Richmond,2024,7,"Baker, Liam",18,207,60,151,358,19.89,14,13,0,69,18,69,56,78,18,27,0,151,207,2,11,24,8,9
Richmond,2024,25,"Nankervis, Toby",21,162,69,174,336,16.0,2,6,684,111,40,43,91,90,33,36,1,210,119,19,5,69,0,5
Richmond,2024,35,"Broad, Nathan",22,215,139,100,315,14.32,1,2,0,32,69,16,4,46,6,16,1,70,224,11,0,81,4,0
Richmond,2024,3,"Prestia, Dion",13,134,41,152,286,22.0,3,4,0,25,24,36,56,37,11,7,0,110,176,1,3,16,2,8
Richmond,2024,22,"Hopper, Jacob",12,132,44,153,285,23.75,3,4,0,41,13,40,48,49,15,15,0,123,166,1,3,1,2,1
Richmond,2024,27,"Dow, Thomson",17,89,36,177,266,15.65,0,2,0,39,22,25,58,37,14,8,0,133,140,2,3,14,0,7
Richmond,2024,46,"Miller, Ben",21,178,120,80,258,12.29,0,0,0,34,75,9,1,33,8,18,0,64,178,12,0,169,3,1
Richmond,2024,33,"McIntosh, Kamdyn",22,173,77,81,254,11.55,6,7,0,36,30,41,18,56,7,21,0,66,195,6,7,33,7,4
Richmond,2024,13,"Ralphsmith, Hugo",18,141,70,104,245,13.61,6,5,0,29,24,52,14,54,7,13,0,67,178,2,8,26,2,4
Richmond,2024,34,"Graham, Jack",14,102,30,141,243,17.36,2,2,0,61,18,34,36,31,6,13,0,91,156,0,2,10,3,6
Richmond,2024,44,"Campbell, Seth",21,151,61,87,238,11.33,10,14,0,45,10,57,15,44,10,10,0,88,152,1,7,20,12,8
Richmond,2024,21,"Balta, Noah",19,183,113,51,234,12.32,12,3,28,21,46,36,9,59,11,11,1,82,145,24,13,64,3,5
Richmond,2024,4,"Martin, Dustin",13,128,50,98,226,17.38,10,8,1,17,2,39,12,33,2,11,1,59,162,2,10,4,3,8
Richmond,2024,30,"Brown, Tom",18,149,68,76,225,12.5,4,5,0,17,37,28,7,36,5,6,0,85,139,10,6,34,2,4
Richmond,2024,31,"Mansell, Rhyan",21,157,60,63,220,10.48,21,10,0,66,5,61,7,46,16,14,0,91,124,5,15,27,3,10
Richmond,2024,50,"Pickett, Marlion",13,94,48,94,188,14.46,4,9,1,34,21,33,13,66,6,26,0,80,120,2,7,17,3,6
Richmond,2024,41,"Banks, Sam",15,111,35,69,180,12.0,1,2,0,22,20,31,19,23,7,8,0,55,121,1,0,8,1,4
Richmond,2024,40,"Sonsie, Tyler",14,97,38,67,164,11.71,4,8,0,17,7,30,16,29,5,6,0,52,106,2,9,5,0,3
Richmond,2024,20,"Koschitzke, Jacob",14,65,45,63,128,9.14,12,6,59,17,1,17,8,28,14,5,0,71,65,15,16,37,0,2
Richmond,2024,5,"Ross, Jack",7,57,26,70,127,18.14,1,0,0,12,11,22,19,12,3,0,0,50,79,1,1,6,1,2
Richmond,2024,28,"McAuliffe, Kane",9,36,8,67,103,11.44,0,2,0,25,2,19,18,21,5,5,0,48,60,0,0,5,0,3
Richmond,2024,36,"Trezise, James",7,54,27,42,96,13.71,0,0,0,9,18,9,1,14,4,4,0,35,59,3,0,19,2,0
Richmond,2024,10,"Rioli, Maurice",9,52,19,33,85,9.44,8,7,0,29,4,12,1,20,8,7,0,39,53,3,8,12,2,3
Richmond,2024,45,"Young, Tylar",9,63,41,19,82,9.11,0,0,0,8,30,9,0,24,3,11,0,18,62,5,0,37,1,0
Richmond,2024,42,"Lefau, Mykelti",10,45,31,27,72,7.2,14,5,15,19,1,16,5,21,6,7,0,35,44,1,18,28,1,7
Richmond,2024,48,"Green, Steely",6,34,14,18,52,8.67,5,1,0,6,2,16,4,9,4,1,0,16,38,0,3,6,2,2
Richmond,2024,32,"Ryan, Samson",8,31,19,21,52,6.5,3,2,63,7,3,9,11,14,8,9,0,22,31,3,4,22,0,2
Richmond,2024,38,"Cumberland, Noah",7,26,12,21,47,6.71,6,2,0,13,0,10,5,17,3,9,0,25,28,1,3,7,0,2
Richmond,2024,2,"Grimes, Dylan",5,24,18,18,42,8.4,0,1,0,2,8,0,0,15,0,8,0,17,23,4,1,23,0,0
Richmond,2024,51,"Blight, Jacob",3,23,15,13,36,12.0,0,0,0,6,14,0,0,10,1,3,0,10,23,2,0,22,0,0
Richmond,2024,19,"Lynch, Tom",4,23,12,9,32,8.0,6,4,2,1,0,6,1,10,6,4,0,18,13,5,6,6,0,1
Richmond,2024,43,"Bauer, Jacob",3,18,9,9,27,9.0,4,2,2,2,0,1,0,5,2,0,0,20,6,7,5,3,0,2
Richmond,2024,24,"Naismith, Sam",3,9,8,17,26,8.67,0,0,38,6,1,1,10,5,5,3,0,17,11,1,2,13,0,0
Richmond,2024,49,"Smith, Kaleb",4,19,9,7,26,6.5,1,0,0,1,9,2,1,6,0,1,0,8,18,0,1,3,0,1
Richmond,2024,18,"Gibcus, Josh",2,7,2,3,10,5.0,0,0,0,4,4,1,0,1,2,0,0,9,1,2,0,12,0,0
Richmond,2024,26,"Coulthard, Matthew",2,3,0,3,6,3.0,1,0,0,0,0,0,1,0,0,0,0,2,2,0,0,1,0,1
Richmond,2024,23,"Clarke, Judson",1,3,2,1,4,4.0,0,0,0,0,0,1,0,1,0,0,0,1,3,0,0,0,0,0
St Kilda,2024,35,"Sinclair, Jack",22,394,117,202,596,27.09,7,4,0,65,97,70,67,63,14,5,11,186,352,2,7,40,15,12
St Kilda,2024,7,"Wanganeen-Milera, Nasiah",22,436,146,129,565,25.68,1,7,0,38,114,52,21,71,14,11,8,118,360,4,4,45,43,3
St Kilda,2024,9,"Steele, Jack",23,259,131,298,557,24.22,8,4,0,169,36,88,115,65,27,23,9,249,315,3,10,27,5,13
St Kilda,2024,19,"Marshall, Rowan",23,341,134,136,477,20.74,15,8,608,99,25,97,132,112,44,50,16,243,225,23,18,53,1,5
St Kilda,2024,8,"Hill, Bradley",22,272,118,155,427,19.41,7,5,0,35,42,88,30,54,5,13,5,87,331,1,5,16,10,9
St Kilda,2024,26,"Battle, Josh",23,253,174,156,409,17.78,3,3,1,30,69,37,6,54,12,17,0,125,281,21,2,100,8,1
St Kilda,2024,44,"Wilkie, Callum",23,270,178,132,402,17.48,0,0,0,31,92,7,4,40,13,15,3,135,268,24,0,151,5,0
St Kilda,2024,36,"Bonner, Riley",19,308,105,93,401,21.11,1,6,0,25,75,40,11,54,4,11,0,56,287,1,1,26,11,6
St Kilda,2024,22,"Wilson, Darcy",23,211,98,142,353,15.35,15,14,0,48,31,56,22,45,19,7,0,115,233,4,13,21,8,10
St Kilda,2024,32,"Wood, Mason",18,215,133,115,330,18.33,16,9,0,35,20,50,12,61,6,13,3,92,237,14,20,34,2,10
St Kilda,2024,10,"Owens, Mitch",23,161,74,122,283,12.3,20,14,12,62,10,42,20,66,36,20,0,153,144,18,23,45,2,16
St Kilda,2024,2,"Windhager, Marcus",15,135,36,136,271,18.07,0,2,0,77,22,31,51,60,18,19,1,133,151,1,2,11,1,4
St Kilda,2024,13,"Byrnes, Ryan",15,160,69,84,244,16.27,1,0,0,35,16,37,15,28,10,4,0,65,177,4,3,9,0,6
St Kilda,2024,1,"Higgins, Jack",20,132,59,111,243,12.15,36,20,0,50,2,28,9,32,16,10,1,106,132,6,33,20,0,17
St Kilda,2024,28,"Membrey, Tim",19,150,98,71,221,11.63,30,9,6,32,0,45,3,43,8,10,1,85,137,15,32,26,1,11
St Kilda,2024,6,"Ross, Sebastian",13,123,38,92,215,16.54,3,3,0,52,18,28,33,22,3,7,4,74,145,0,2,18,3,5
St Kilda,2024,11,"Clark, Hunter",11,132,30,80,212,19.27,1,2,0,46,11,36,43,40,6,12,0,106,114,1,3,10,0,3
St Kilda,2024,3,"Jones, Zak",13,102,42,105,207,15.92,2,0,0,33,8,20,31,31,11,17,1,74,139,1,2,6,2,4
St Kilda,2024,29,"Webster, Jimmy",15,129,69,71,200,13.33,0,0,0,37,33,10,2,13,13,5,0,56,146,1,0,41,2,2
St Kilda,2024,14,"Stocker, Liam",16,108,67,85,193,12.06,0,2,0,36,26,26,16,34,9,13,0,75,120,3,2,34,0,2
St Kilda,2024,25,"Phillipou, Mattaes",13,107,38,80,187,14.38,8,8,0,48,8,35,28,34,9,7,0,73,116,2,7,5,1,5
St Kilda,2024,43,"Sharman, Cooper",18,117,69,56,173,9.61,18,12,5,33,11,27,8,36,10,11,0,91,88,17,27,30,0,8
St Kilda,2024,20,"Howard, Dougal",15,117,97,55,172,11.47,0,0,0,10,38,5,2,33,8,16,0,49,123,10,0,83,0,0
St Kilda,2024,23,"Henry, Liam",12,97,33,69,166,13.83,7,7,0,32,5,43,19,27,7,8,0,70,92,3,6,10,2,8
St Kilda,2024,15,"Dow, Paddy",10,73,25,89,162,16.2,3,3,0,35,7,33,37,14,12,4,0,75,90,0,4,5,1,2
St Kilda,2024,47,"Caminiti, Anthony",15,67,50,66,133,8.87,15,10,24,34,2,18,4,29,9,11,0,74,59,22,21,23,0,4
St Kilda,2024,16,"Butler, Dan",16,80,36,51,131,8.19,13,4,0,56,4,22,6,41,15,18,0,55,73,5,11,11,3,5
St Kilda,2024,12,"King, Max",12,84,50,41,125,10.42,19,12,0,8,0,30,1,35,20,15,0,61,66,18,21,7,0,7
St Kilda,2024,34,"Garcia, Hugo",9,25,9,45,70,7.78,1,1,0,40,3,5,10,11,2,4,0,41,29,0,3,2,0,2
St Kilda,2024,21,"Cordy, Zaine",8,36,24,29,65,8.13,1,0,0,14,20,0,2,14,3,6,0,21,43,1,1,50,0,0
St Kilda,2024,27,"Schoenmaker, Arie",4,47,20,11,58,14.5,0,0,0,4,15,5,1,6,2,2,0,9,40,0,0,6,1,0
St Kilda,2024,33,"Paton, Ben",4,15,5,12,27,6.75,0,0,0,5,1,5,1,4,2,1,0,13,13,0,0,1,0,2
St Kilda,2024,24,"Hastie, Angus",5,12,6,13,25,5.0,1,0,0,3,0,3,3,3,1,0,0,6,22,1,1,7,0,0
St Kilda,2024,41,"McLennan, Angus",2,14,13,11,25,12.5,0,0,0,2,2,0,1,1,0,1,0,4,20,0,0,0,0,0
St Kilda,2024,18,"Hayes, Jack",2,10,7,9,19,9.5,2,1,4,5,0,4,5,6,5,4,1,14,6,2,3,4,0,1
St Kilda,2024,38,"Campbell, Tom",2,6,4,9,15,7.5,0,0,20,4,3,2,2,2,0,1,0,9,6,0,0,3,0,1
St Kilda,2024,5,"Crouch, Brad",1,6,2,9,15,15.0,0,0,0,4,2,1,5,2,1,0,0,6,8,0,0,1,1,0
St Kilda,2024,4,"Collard, Lance",3,5,2,2,7,2.33,0,0,0,1,0,0,0,5,1,2,0,5,3,0,0,0,0,0
Sydney,2024,21,"Gulden, Errol",26,514,146,191,705,27.12,15,16,0,92,70,171,100,118,27,29,25,225,470,1,4,30,7,29
Sydney,2024,5,"Heeney, Isaac",24,328,108,274,602,25.08,34,20,0,113,27,108,139,85,45,23,28,287,301,16,27,28,1,17
Sydney,2024,1,"Warner, Chad",25,361,104,226,587,23.48,35,19,0,79,33,131,100,101,19,29,23,213,384,5,17,16,80,22
Sydney,2024,22,"Blakey, Nick",26,414,154,130,544,20.92,5,5,0,31,152,64,7,72,17,18,4,110,328,9,3,142,49,10
Sydney,2024,13,"Florent, Oliver",26,334,129,190,524,20.15,7,8,0,52,99,62,41,78,14,19,0,160,329,3,2,44,13,3
Sydney,2024,44,"Lloyd, Jake",26,320,166,192,512,19.69,6,3,0,47,80,56,23,37,15,8,0,117,360,0,4,48,6,8
Sydney,2024,4,"Grundy, Brodie",26,180,59,289,469,18.04,2,3,837,121,28,66,130,143,51,61,1,312,161,15,4,71,2,17
Sydney,2024,8,"Rowbottom, James",24,236,47,220,456,19.0,7,7,0,186,31,79,123,75,39,26,4,246,212,2,3,31,1,16
Sydney,2024,34,"Roberts, Matt",23,297,130,125,422,18.35,2,2,0,51,67,48,20,40,6,11,3,88,273,3,0,38,20,7
Sydney,2024,17,"Jordon, James",26,179,85,203,382,14.69,9,10,0,85,22,62,33,39,13,13,0,126,263,3,10,19,0,14
Sydney,2024,27,"McInerney, Justin",20,204,107,174,378,18.9,6,8,1,46,35,52,25,47,21,16,0,104,274,2,6,20,8,22
Sydney,2024,3,"Adams, Taylor",19,159,57,167,326,17.16,9,6,0,68,13,47,49,58,17,16,0,146,191,1,6,18,0,8
Sydney,2024,9,"Hayward, Will",26,201,115,115,316,12.15,41,16,0,66,9,47,7,47,24,14,2,110,205,12,23,27,0,10
Sydney,2024,11,"Papley, Tom",21,225,79,87,312,14.86,36,30,0,26,7,80,35,53,14,17,8,126,187,4,30,28,8,15
Sydney,2024,2,"McLean, Hayden",26,179,116,107,286,11.0,27,19,179,59,17,40,23,63,23,27,0,127,158,29,34,78,0,9
Sydney,2024,7,"Cunningham, Harry",23,184,115,87,271,11.78,1,0,0,55,45,19,7,31,5,15,0,65,213,3,1,54,1,2
Sydney,2024,6,"McDonald, Logan",26,194,128,76,270,10.38,37,24,3,32,16,46,4,42,14,10,1,94,175,21,45,43,0,13
Sydney,2024,30,"McCartin, Tom",22,167,106,83,250,11.36,0,0,0,12,56,16,3,47,13,20,0,95,150,23,0,161,0,0
Sydney,2024,16,"Campbell, Braeden",23,158,74,80,238,10.35,5,6,0,54,32,41,16,38,10,10,0,81,169,1,5,20,2,7
Sydney,2024,24,"Rampe, Dane",21,176,95,61,237,11.29,2,0,0,29,75,17,2,33,8,8,0,56,176,6,0,94,4,1
Sydney,2024,43,"Melican, Lewis",24,143,78,61,204,8.5,1,0,0,35,40,11,3,28,13,9,0,77,119,10,0,124,0,1
Sydney,2024,42,"Fox, Robbie",18,116,65,87,203,11.28,5,2,0,40,14,23,6,33,11,9,0,66,134,2,4,45,2,5
Sydney,2024,36,"Amartey, Joel",25,139,79,54,193,7.72,43,26,9,49,0,32,3,54,29,21,3,102,96,25,46,36,1,9
Sydney,2024,15,"Wicks, Sam",16,72,29,81,153,9.56,10,6,0,32,2,28,7,39,5,17,0,73,79,5,7,15,1,11
Sydney,2024,26,"Parker, Luke",10,81,32,60,141,14.1,14,4,0,23,4,16,25,22,9,7,0,67,74,3,11,9,0,3
Sydney,2024,14,"Mills, Callum",7,73,38,49,122,17.43,2,0,0,16,21,8,4,13,5,6,1,37,76,1,0,16,0,0
Sydney,2024,10,"Francis, Aaron",5,35,27,21,56,11.2,0,0,0,5,14,2,0,7,3,1,0,15,42,0,0,22,0,0
Sydney,2024,37,"Warner, Corey",6,23,6,26,49,8.17,1,4,0,5,1,8,1,5,2,0,0,16,33,0,0,1,2,1
Sydney,2024,33,"Cleary, Caiden",5,18,5,15,33,6.6,2,2,0,6,1,7,3,4,3,0,0,16,18,0,1,3,0,2
Sydney,2024,35,"Mitchell, Caleb",2,7,3,3,10,5.0,0,0,0,0,1,2,1,2,0,0,0,4,8,0,0,2,1,0
Sydney,2024,19,"Ladhams, Peter",1,3,2,3,6,6.0,0,1,10,2,1,0,1,4,0,1,0,4,2,1,1,2,0,0
West Coast,2024,11,"Kelly, Tim",20,240,55,238,478,23.9,4,9,0,97,32,85,110,74,20,28,5,225,258,0,1,8,12,13
West Coast,2024,14,"Duggan, Liam",21,347,139,105,452,21.52,2,3,0,56,88,78,31,67,13,19,2,95,323,3,3,24,7,8
West Coast,2024,6,"Yeo, Elliot",20,245,39,205,450,22.5,11,10,0,129,29,94,131,64,33,23,8,244,207,4,6,17,10,14
West Coast,2024,20,"McGovern, Jeremy",19,290,114,102,392,20.63,1,2,2,27,139,20,8,33,17,8,0,124,159,27,0,100,5,2
West Coast,2024,9,"Reid, Harley",20,171,45,200,371,18.55,10,8,0,80,21,62,99,92,41,47,7,196,176,10,6,9,42,8
West Coast,2024,7,"Ginbey, Reuben",23,174,62,187,361,15.7,1,3,0,83,35,49,47,52,14,18,0,155,205,6,2,38,15,5
West Coast,2024,28,"Cole, Tom",23,222,98,137,359,15.61,0,2,0,71,74,26,14,66,23,24,0,110,235,6,2,59,6,1
West Coast,2024,15,"Cripps, Jamie",23,194,104,135,329,14.3,27,27,0,76,4,68,28,51,10,11,0,118,225,5,26,31,4,17
West Coast,2024,19,"Hough, Brady",23,191,114,134,325,14.13,0,1,0,43,57,25,11,36,10,7,0,95,229,3,1,41,3,1
West Coast,2024,5,"Hunt, Jayden",20,213,72,112,325,16.25,3,3,0,42,64,54,37,44,10,11,0,110,188,3,1,20,13,8
West Coast,2024,23,"Witherden, Alex",18,196,74,112,308,17.11,1,0,0,33,66,25,6,47,10,18,0,78,193,3,0,41,6,4
West Coast,2024,32,"Williams, Bailey",23,140,43,116,256,11.13,4,6,482,60,19,53,88,63,28,30,0,179,89,16,6,59,0,6
West Coast,2024,2,"Waterman, Jake",20,191,137,61,252,12.6,53,23,3,22,5,33,1,28,11,6,7,83,169,32,64,8,0,7
West Coast,2024,37,"Barrass, Tom",18,169,123,72,241,13.39,0,0,3,14,58,10,4,26,13,12,0,98,142,27,0,138,0,0
West Coast,2024,27,"Darling, Jack",21,124,68,86,210,10.0,22,12,23,61,3,41,6,47,20,18,0,103,105,18,26,35,1,7
West Coast,2024,1,"Ryan, Liam",16,143,68,57,200,12.5,13,11,0,27,8,49,15,33,12,7,0,61,142,7,11,14,8,15
West Coast,2024,18,"Chesser, Campbell",18,107,34,87,194,10.78,5,4,0,30,18,32,13,29,6,8,0,64,137,1,0,9,11,3
West Coast,2024,41,"Maric, Ryan",19,107,60,78,185,9.74,7,4,0,24,14,30,13,26,7,9,0,64,121,8,9,11,0,7
West Coast,2024,21,"Petruccelle, Jack",16,107,49,64,171,10.69,11,10,0,34,11,33,17,33,12,16,0,67,115,3,9,16,3,3
West Coast,2024,34,"Williams, Jack",18,78,42,71,149,8.28,16,4,81,40,5,21,27,23,13,14,0,76,75,12,13,38,2,2
West Coast,2024,16,"Edwards, Luke",12,72,39,58,130,10.83,2,1,0,23,9,19,10,20,3,6,0,33,98,0,2,5,1,5
West Coast,2024,31,"Jones, Jamaine",11,83,42,41,124,11.27,1,2,0,27,13,16,4,29,8,11,0,40,87,0,0,4,9,1
West Coast,2024,35,"Rotham, Josh",13,88,60,19,107,8.23,0,0,0,11,26,10,0,21,5,7,0,26,81,4,0,39,0,0
West Coast,2024,12,"Allen, Oscar",11,78,52,27,105,9.55,20,16,0,13,3,7,1,16,5,5,1,41,65,12,28,13,0,4
West Coast,2024,4,"Sheed, Dom",8,50,13,47,97,12.13,0,1,0,23,4,14,19,23,8,9,0,48,46,0,0,2,0,1
West Coast,2024,10,"Brockman, Tyler",10,38,19,46,84,8.4,1,2,0,22,4,17,9,15,6,4,0,39,46,1,3,12,0,3
West Coast,2024,3,"Gaff, Andrew",5,44,17,34,78,15.6,1,0,0,5,6,8,6,11,2,2,0,28,50,1,1,5,1,0
West Coast,2024,42,"Edwards, Harry",9,54,43,21,75,8.33,0,0,0,12,26,6,0,16,5,6,0,30,46,12,0,45,0,1
West Coast,2024,13,"Long, Noah",7,40,21,30,70,10.0,2,5,0,12,2,15,2,5,3,2,0,25,46,1,6,4,0,5
West Coast,2024,26,"Trew, Zane",7,27,10,43,70,10.0,2,0,0,27,5,11,17,12,2,5,0,31,41,0,0,4,2,3
West Coast,2024,44,"Hutchinson, Jack",7,22,12,40,62,8.86,2,3,0,23,1,12,8,9,6,2,0,32,34,0,2,8,1,2
West Coast,2024,43,"Dewar, Tyrell",7,33,19,21,54,7.71,5,2,0,6,4,11,6,9,0,4,0,15,37,2,3,0,1,0
West Coast,2024,24,"Johnston, Harvey",6,26,13,25,51,8.5,0,0,0,3,5,7,4,6,0,2,0,16,36,2,0,5,1,0
West Coast,2024,40,"Jamieson, Callum",4,29,15,16,45,11.25,0,0,4,5,8,3,1,5,5,1,0,21,24,4,0,13,0,0
West Coast,2024,25,"Flynn, Matt",4,13,8,20,33,8.25,1,1,97,13,0,4,6,11,3,6,0,19,15,4,1,7,0,0
West Coast,2024,49,"Culley, Jai",3,18,5,10,28,9.33,1,1,0,7,4,7,4,5,3,2,0,14,14,0,1,0,0,1
West Coast,2024,29,"Hall, Clay",3,17,6,10,27,9.0,0,3,0,2,3,3,3,3,2,1,0,10,16,0,1,3,0,0
West Coast,2024,30,"Barnett, Harry",1,3,0,3,6,6.0,0,0,8,2,0,1,0,3,1,1,0,3,3,0,0,1,0,0
West Coast,2024,33,"Bazzo, Rhett",1,4,3,2,6,6.0,0,0,0,1,3,0,0,1,0,1,0,2,4,0,0,3,0,0
West Coast,2024,36,"Rawlinson, Loch",1,3,2,1,4,4.0,0,1,0,1,0,0,1,2,0,0,0,1,3,0,1,0,0,0
Western Bulldogs,2024,1,"Treloar, Adam",23,348,76,377,725,31.52,16,6,0,109,44,104,133,86,22,20,26,269,447,3,6,14,21,13
Western Bulldogs,2024,4,"Bontempelli, Marcus",24,324,96,294,618,25.75,32,20,0,130,35,133,155,82,24,21,19,326,323,18,22,90,4,26
Western Bulldogs,2024,31,"Dale, Bailey",24,420,147,176,596,24.83,5,7,0,35,115,63,22,61,10,15,9,128,380,5,3,40,15,8
Western Bulldogs,2024,34,"Williams, Bailey",24,252,137,205,457,19.04,9,3,0,51,48,65,28,45,11,11,0,118,337,5,8,31,4,5
Western Bulldogs,2024,20,"Richards, Ed",21,274,97,175,449,21.38,11,12,0,77,49,100,81,73,14,27,6,178,274,6,1,42,32,16
Western Bulldogs,2024,29,"Bramble, Lachlan",24,296,115,149,445,18.54,2,3,0,34,82,52,11,49,10,14,1,92,299,1,3,26,25,4
Western Bulldogs,2024,21,"Liberatore, Tom",18,190,50,238,428,23.78,4,8,0,100,34,71,140,68,23,29,10,244,192,2,2,22,1,9
Western Bulldogs,2024,44,"English, Tim",23,204,138,175,379,16.48,14,10,622,87,25,59,66,67,31,27,0,158,232,27,22,85,6,10
Western Bulldogs,2024,11,"Macrae, Jack",19,146,65,203,349,18.37,5,2,0,63,7,49,47,24,13,5,0,117,227,2,3,13,0,5
Western Bulldogs,2024,15,"Duryea, Taylor",22,194,111,124,318,14.45,0,3,0,49,40,42,7,36,16,10,0,75,232,5,2,45,3,1
Western Bulldogs,2024,10,"Darcy, Sam",21,163,102,100,263,12.52,38,23,145,60,8,43,32,61,25,24,3,163,97,46,46,33,1,6
Western Bulldogs,2024,14,"West, Rhylee",21,149,61,105,254,12.1,25,16,0,67,5,60,25,40,20,14,0,116,146,2,19,26,2,15
Western Bulldogs,2024,2,"Ugle-Hagan, Jamarra",22,187,96,64,251,11.41,43,35,0,32,0,46,9,71,17,29,3,124,137,37,58,17,0,7
Western Bulldogs,2024,12,"Gallagher, Harvey",20,163,54,84,247,12.35,9,11,0,61,18,41,35,70,13,26,0,72,170,0,4,19,2,4
Western Bulldogs,2024,19,"Jones, Liam",21,184,122,60,244,11.62,0,1,0,10,59,17,2,41,15,13,3,87,150,21,0,157,0,1
Western Bulldogs,2024,23,"Vandermeer, Laitham",24,138,83,99,237,9.88,10,8,0,45,5,58,4,40,9,12,0,69,173,4,10,16,6,17
Western Bulldogs,2024,9,"Sanders, Ryley",14,90,33,141,231,16.5,0,2,0,65,12,21,34,29,3,7,1,75,154,1,2,5,2,6
Western Bulldogs,2024,33,"Naughton, Aaron",20,148,101,81,229,11.45,35,14,4,21,2,51,2,40,17,16,4,103,130,21,37,27,4,17
Western Bulldogs,2024,35,"Daniel, Caleb",16,125,45,99,224,14.0,2,4,0,31,20,22,24,20,7,3,0,70,161,0,2,14,9,4
Western Bulldogs,2024,7,"Lobb, Rory",16,135,87,82,217,13.56,5,4,47,33,30,30,10,27,19,6,0,97,108,28,3,51,0,2
Western Bulldogs,2024,27,"Freijah, Joel",13,122,70,84,206,15.85,1,2,0,17,27,26,3,23,6,6,0,66,145,3,0,38,6,4
Western Bulldogs,2024,39,"Johannisen, Jason",9,142,60,53,195,21.67,0,1,0,11,33,24,4,16,3,2,0,35,145,1,0,8,8,4
Western Bulldogs,2024,38,"Garcia, Riley",12,89,17,98,187,15.58,5,7,0,44,6,29,26,28,10,15,0,79,111,0,1,10,3,4
Western Bulldogs,2024,3,"Weightman, Cody",17,116,43,66,182,10.71,27,17,0,60,5,37,15,41,23,12,2,85,105,3,20,22,0,6
Western Bulldogs,2024,24,"Khamis, Buku",17,107,78,60,167,9.82,1,1,2,19,30,9,0,20,10,9,0,50,119,10,0,82,3,0
Western Bulldogs,2024,18,"ODonnell, James",14,115,62,42,157,11.21,2,1,0,14,41,17,1,30,5,12,0,49,108,9,2,54,1,2
Western Bulldogs,2024,30,"McNeil, Lachlan",12,75,20,68,143,11.92,6,11,0,42,6,25,14,21,14,8,0,74,76,2,6,15,0,7
Western Bulldogs,2024,22,"Harmes, James",9,71,37,67,138,15.33,7,2,0,25,12,15,14,19,5,7,4,46,91,1,6,12,1,1
Western Bulldogs,2024,25,"Poulter, Caleb",7,69,27,32,101,14.43,3,3,0,17,5,25,6,15,4,2,0,30,74,1,2,8,0,0
Western Bulldogs,2024,13,"Baker, Oskar",6,51,33,34,85,14.17,3,1,0,4,11,10,5,12,1,6,0,14,70,0,3,3,7,3
Western Bulldogs,2024,17,"Coffield, Nick",8,58,34,21,79,9.88,0,0,0,6,17,6,0,14,5,4,0,17,63,2,0,11,0,2
Western Bulldogs,2024,42,"Keath, Alex",5,28,22,27,55,11.0,0,0,0,5,4,3,0,5,6,3,0,21,35,0,0,23,1,0
Western Bulldogs,2024,36,"Cleary, Luke",2,14,9,8,22,11.0,0,0,0,1,5,0,1,3,0,1,0,7,15,0,0,2,2,0
Western Bulldogs,2024,28,"Scott, Anthony",2,7,6,3,10,5.0,0,1,0,1,0,0,2,0,0,0,0,4,7,0,2,3,0,2
Western Bulldogs,2024,32,"Jones, Arthur",1,5,4,3,8,8.0,1,1,0,0,0,4,0,2,1,1,0,4,5,1,0,1,0,1
Western Bulldogs,2024,8,"Clarke, Charlie",1,5,2,1,6,6.0,0,1,0,0,0,0,0,5,0,1,0,0,6,0,0,0,0,0
